rxn	LB	UB
HMR_0154	0	235.25
HMR_0189	0	230.5
HMR_0193	0	230.5
HMR_0197	0	230.5
HMR_0201	0	230.5
HMR_0206	0	230.5
HMR_0210	0	230.5
HMR_0214	0	230.5
HMR_0223	0	230.5
HMR_0230	0	230.5
HMR_0234	0	230.5
HMR_0242	0	230.5
HMR_0246	0	230.5
HMR_0250	0	230.5
HMR_0256	0	230.5
HMR_0260	0	230.5
HMR_0264	0	230.5
HMR_0268	0	230.5
HMR_0272	0	230.5
HMR_0276	0	230.5
HMR_0280	0	230.5
HMR_0284	0	230.5
HMR_0290	0	230.5
HMR_0294	0	230.5
HMR_0298	0	230.5
HMR_0302	0	230.5
HMR_0306	0	230.5
HMR_0310	0	230.5
HMR_0314	0	230.5
HMR_0320	0	230.5
HMR_0324	0	230.5
HMR_0328	0	230.5
HMR_0332	0	230.5
HMR_0338	0	230.5
HMR_0342	0	230.5
HMR_0346	0	230.5
HMR_0350	0	230.5
HMR_0354	0	230.5
HMR_0358	0	230.5
HMR_0362	0	230.5
HMR_0366	0	230.5
HMR_0370	0	230.5
HMR_0374	0	230.5
HMR_0378	0	230.5
HMR_0382	0	230.5
HMR_0386	0	230.5
HMR_0390	0	230.5
HMR_0394	0	230.5
HMR_0398	0	230.5
HMR_0402	0	230.5
HMR_0406	0	230.5
HMR_0410	0	230.5
HMR_0414	0	230.5
HMR_0418	0	230.5
HMR_0422	0	230.5
HMR_0426	0	230.5
HMR_0430	0	230.5
HMR_0434	0	230.5
HMR_0438	0	230.5
HMR_3009	0	230.5
HMR_3475	0	11
HMR_3477	0	1000
HMR_0001	0	244.5
HMR_0002	0	15.75
HMR_0003	0	875.0
HMR_0005	0	130.0
HMR_0604	0	35.5
HMR_0605	0	219.25
HMR_0665	0	875.0
HMR_0667	0	875.0
HMR_0668	0	875.0
HMR_0669	0	875.0
HMR_0670	0	875.0
HMR_0671	0	875.0
HMR_0672	0	875.0
HMR_0679	0	130.0
HMR_0680	0	130.0
HMR_0681	0	130.0
HMR_0682	0	130.0
HMR_0683	0	130.0
HMR_7588	0	20.75
AGTix	0	96.5
ARGSS	0	1282
ASPTAm	-232.25	232.25
NACASPAH	0	62.25
RE2031M	-22	22
ALAR	-60.5	60.5
ASPTA	-100.25	100.25
r0127	0	40.25
ARGSL	-299.5	299.5
HMR_9897	0	4.0
HMR_9899	0	4.0
HMR_3802	-476.25	476.25
HMR_3804	-476.25	476.25
HMR_3811	0	1282
HMR_3831	0	152
HMR_3862	0	45.75
HMR_3865	0	232.25
HMR_3873	0	813.75
HMR_8654	0	813.75
HMR_3890	0	959.75
HMR_3892	0	6.5
HMR_9802	0	114.5
HMR_3899	-113	113
HMR_3903	0	1.5
HMR_4109	-167.75	167.75
HMR_4114	0	110
HMR_4115	0	110
HMR_4172	0	45.75
HMR_4196	0	42
HMR_4197	0	42
HMR_4285	0	18
HMR_6968	-22	22
HMR_9868	0	249.75
HMR_6971	0	76.25
HMR_9867	0	249.75
HMR_6972	0	76.25
HMR_7641	0	6.75
HMR_8626	0	1000
HMR_9895	0	1.25
HMR_3986	0	1000
HMR_3988	0	45.25
HMR_4158	0	31.0
HMR_4299	0	19.5
HMR_4494	0	89.25
HMR_4524	0	11.75
HMR_4525	0	112.25
HMR_4526	0	112.25
HMR_4528	0	112.25
HMR_4529	0	10.75
HMR_4530	0	0.25
HMR_4536	0	35.25
HMR_4628	0	58.25
HMR_4629	0	9.5
HMR_8371	0	10.75
HMR_8375	0	1.5
HMR_8377	0	35.25
ACGAM6PSi	0	58.25
ACGAMK	0	11.75
ACGAMPM	-20.25	20.25
HEX10	0	84.5
GF6PTA	0	11.75
UAG4E	-11.75	11.75
UAGDP	0	31.0
AMANK	0	11.75
G6PDA	0	19.5
ACGAM2E	-3	3
HMR_5130	0	23.5
HMR_5131	0	53.0
HMR_5132	0	33.25
HMR_5133	0	71.25
HMR_5134	0	75.75
HMR_5135	0	24.25
HMR_5136	0	32.75
HMR_5137	0	51
HMR_5138	0	21
HMR_5139	0	27.25
HMR_5140	0	42.0
HMR_5141	0	290.5
HMR_5142	0	32
HMR_5143	0	30.25
HMR_5145	0	48.25
HMR_5146	0	48.5
HMR_5147	0	40.75
HMR_5148	0	75.0
HMR_5149	0	11.25
HMR_5150	0	16.5
HMR_1944	0	7
HMR_1945	0	7
HMR_1958	0	7
HMR_1959	0	7
HMR_1960	0	7
HMR_1969	0	0.5
HMR_1973	0	597.25
HMR_1974	0	597.25
HMR_1976	0	53.75
HMR_1977	0	53.75
HMR_2014	0	85.75
HMR_2015	0	85.75
HMR_2016	0	1318.5
HMR_2018	0	1318.5
HMR_0941	0	326.5
HMR_3015	0	264.25
4HGLSDm	0	135.25
ARGDCm	0	1
EHGLAT2m	0	232.25
EHGLATm	0	332.5
NOS1	0	1
NOS2	0	1
P5CRm	0	1.75
P5CRxm	0	1.75
PRO1xm	0	65.75
PROD2m	0	65.75
r0024	0	1
r0145	0	1
r0615	-1.75	1.75
r0616	-1.75	1.75
r0617	-1.75	1.75
r0618	0	1.75
r0686	-135.25	135.25
P5CR	0	17.0
HMR_3806	0	135.25
HMR_3809	-282.5	282.5
HMR_3819	-135.25	135.25
HMR_3820	-135.25	135.25
HMR_3833	0	17.0
HMR_3835	0	17.0
HMR_3837	0	17.0
HMR_3838	-69.75	69.75
HMR_3897	0	1
HMR_3956	0	54.25
HMR_3993	0	1
HMR_4073	0	25.75
HMR_4075	0	14.75
HMR_4077	0	3.75
HMR_4191	0	1
HMR_4212	0	35.25
HMR_4422	0	35.25
HMR_4424	0	69.75
HMR_4583	-109.25	109.25
HMR_4607	0	24.75
HMR_4776	0	10.25
HMR_4777	0	10.25
HMR_4778	0	17.0
HMR_4779	0	17.0
HMR_4780	-17.0	17.0
HMR_4781	-17.0	17.0
HMR_4784	0	135.25
HMR_4787	0	67.75
HMR_5384	0	8.75
HMR_6965	0	10
HMR_6966	-10	10
HMR_6955	-1000	1000
HMR_8096	-135.25	135.25
HMR_8097	0	135.25
HMR_8427	-11.5	11.5
HMR_8609	0	17.0
HMR_8610	0	69.75
HMR_8611	0	69.75
MMRN_Lipid_pool	0	1000
MMRN_Protein_pool	0	1000
MMRN_Nucleotide_pool	0	1000
MMRN_glycogen	0	1000
MMRN_Biomass	0	1000
cofactors_vitamins	0	1000
HMR_biomass_Renalcancer(with ATP)	0	1000
HMR_6396	0	58.75
HMR_3526	0	58.25
HMR_3527	0	523.25
HMR_3278	0	680.5
HMR_3288	0	657.25
HMR_3293	0	1028.25
HMR_3294	0	758.5
HMR_3296	0	250.75
HMR_3298	-361.0	361.0
HMR_3301	0	1282.25
HMR_3302	0	181.75
HMR_3306	0	1282.25
HMR_3307	0	181.75
HMR_3311	0	1282.25
HMR_3312	0	181.75
HMR_3316	0	542.75
HMR_3317	0	181.75
HMR_3320	0	100
HMR_3321	0	1282.25
HMR_3322	0	250.75
HMR_3323	-542.75	542.75
HMR_3107	0	758.5
HMR_3108	0	398.25
HMR_3109	0	680.5
HMR_3110	0	1028.25
HMR_3111	0	758.5
HMR_3112	0	398.25
HMR_3113	0	680.5
HMR_3114	0	1028.25
HMR_3115	0	758.5
HMR_3116	0	398.25
HMR_3117	0	680.5
HMR_3118	0	1028.25
HMR_3121	0	758.5
HMR_3122	0	398.25
HMR_3123	0	680.5
HMR_3125	0	1028.25
HMR_3128	0	758.5
HMR_3129	0	398.25
HMR_3130	0	680.5
HMR_3132	0	1028.25
HMR_3135	0	758.5
HMR_3136	0	398.25
HMR_3137	0	680.5
HMR_3139	0	1028.25
HMR_3142	0	394.5
HMR_3143	0	398.25
HMR_3144	0	680.5
HMR_3146	0	1028.25
HMR_3149	0	394.5
HMR_3150	0	398.25
HMR_3151	0	680.5
HMR_3153	0	1028.25
HMR_3156	0	171
HMR_3157	0	398.25
HMR_3158	0	680.5
HMR_3160	0	1028.25
HMR_3398	0	2520.5
HMR_3406	0	2520.5
HMR_3407	0	2520.5
HMR_3408	0	2520.5
HMR_3409	0	2520.5
HMR_3411	0	2520.5
HMR_3413	0	2520.5
HMR_3414	0	2520.5
HMR_3416	0	2520.5
HMR_3421	0	2520.5
HMR_3422	0	2520.5
HMR_3423	0	2520.5
HMR_3424	0	2520.5
HMR_3425	0	2520.5
HMR_3426	0	2520.5
HMR_9719	0	2520.5
HMR_3427	0	2520.5
HMR_3428	0	2520.5
HMR_3429	0	2520.5
HMR_3430	0	2520.5
HMR_3431	0	2520.5
HMR_3432	0	2520.5
HMR_3433	0	2520.5
HMR_3057	0	1282.25
HMR_3058	0	181.75
HMR_3059	0	472.0
HMR_3060	0	100
HMR_3062	0	1282.25
HMR_3063	0	181.75
HMR_3064	0	472.0
HMR_3065	0	100
HMR_3066	0	1282.25
HMR_3067	0	181.75
HMR_3068	0	472.0
HMR_3069	0	100
HMR_3070	0	1282.25
HMR_3071	0	181.75
HMR_3072	0	472.0
HMR_3073	0	100
HMR_3074	0	1282.25
HMR_3075	0	181.75
HMR_3076	0	472.0
HMR_3077	0	100
HMR_3078	0	1282.25
HMR_3079	0	181.75
HMR_3080	0	472.0
HMR_3081	0	100
HMR_3082	0	1282.25
HMR_3083	0	181.75
HMR_3084	0	472.0
HMR_3085	0	100
HMR_3086	0	1282.25
HMR_3087	0	181.75
HMR_3088	0	472.0
HMR_3089	0	100
HMR_3090	0	1282.25
HMR_3091	0	181.75
HMR_3092	0	472.0
HMR_3093	0	100
HMR_3094	0	1282.25
HMR_3095	0	181.75
HMR_3096	0	472.0
HMR_3097	0	100
HMR_3098	0	1282.25
HMR_3099	0	181.75
HMR_3100	0	472.0
HMR_3101	0	100
HMR_3102	0	1282.25
HMR_3103	0	181.75
HMR_3104	0	472.0
HMR_3170	0	758.5
HMR_3171	0	398.25
HMR_3172	0	680.5
HMR_3173	0	1028.25
HMR_3174	0	758.5
HMR_3175	0	398.25
HMR_3176	0	680.5
HMR_3177	0	1028.25
HMR_3178	0	758.5
HMR_3179	0	398.25
HMR_3180	0	680.5
HMR_3181	0	1028.25
HMR_3182	0	758.5
HMR_3183	0	398.25
HMR_3184	0	680.5
HMR_3185	0	1028.25
HMR_3186	0	758.5
HMR_3187	0	398.25
HMR_3188	0	680.5
HMR_3189	0	1028.25
HMR_3190	0	394.5
HMR_3191	0	398.25
HMR_3192	0	680.5
HMR_3193	0	1028.25
HMR_3194	0	394.5
HMR_3195	0	398.25
HMR_3196	0	680.5
HMR_3197	0	1028.25
HMR_3198	0	394.5
HMR_3199	0	398.25
HMR_3200	0	680.5
HMR_3201	0	1028.25
HMR_3202	0	171
HMR_3203	0	398.25
HMR_3204	0	680.5
HMR_3205	0	1028.25
HMR_3480	-1059.75	1059.75
HMR_3482	-1059.75	1059.75
HMR_3484	0	1559.5
HMR_3486	0	206.75
HMR_3488	0	1559.5
HMR_3489	-1736.25	1736.25
HMR_3491	-58.25	58.25
HMR_3493	-1059.75	1059.75
HMR_3498	0	1282.25
HMR_3501	0	181.75
HMR_3505	0	100
HMR_3506	0	1282.25
HMR_3508	0	181.75
HMR_3511	0	58.25
HMR_3512	0	1282.25
HMR_3513	0	181.75
HMR_3240	0	758.5
HMR_3241	0	398.25
HMR_3242	0	680.5
HMR_3243	0	1028.25
HMR_3244	0	758.5
HMR_3245	0	398.25
HMR_3246	0	680.5
HMR_3247	0	1028.25
HMR_3254	0	680.5
HMR_3256	0	1028.25
HMR_3258	0	758.5
HMR_3260	0	398.25
HMR_3262	0	680.5
HMR_3264	0	1028.25
HMR_3272	-657.25	657.25
HMR_3356	0	1282.25
HMR_3357	0	181.75
HMR_3358	0	472.0
HMR_3359	0	100
HMR_3360	0	1282.25
HMR_3361	0	181.75
HMR_3362	0	472.0
HMR_3363	0	100
HMR_3218	0	758.5
HMR_3219	0	398.25
HMR_3220	0	680.5
HMR_3221	0	1028.25
HMR_3222	0	758.5
HMR_3223	0	398.25
HMR_3224	0	680.5
HMR_3225	0	1028.25
HMR_3226	0	758.5
HMR_3227	0	398.25
HMR_3228	0	680.5
HMR_3229	0	1028.25
HMR_3230	0	758.5
HMR_3231	0	398.25
HMR_3232	0	680.5
HMR_3233	0	1028.25
HMR_3234	0	758.5
HMR_3235	0	398.25
HMR_3236	0	680.5
HMR_3237	0	1028.25
HMR_3239	-657.25	657.25
HMR_3326	0	1282.25
HMR_3327	0	181.75
HMR_3328	0	472.0
HMR_3329	0	100
HMR_3330	0	1282.25
HMR_3331	0	181.75
HMR_3332	0	472.0
HMR_3333	0	100
HMR_3334	0	1282.25
HMR_3335	0	181.75
HMR_3336	0	472.0
HMR_3337	0	100
HMR_3338	0	1282.25
HMR_3339	0	181.75
HMR_3340	0	472.0
HMR_3341	0	100
HMR_3342	0	1282.25
HMR_3343	0	181.75
HMR_3344	0	472.0
HMR_3345	0	100
HMR_3346	0	1282.25
HMR_3347	0	181.75
HMR_3348	0	472.0
HMR_3349	0	100
HMR_3350	0	1282.25
HMR_3351	0	181.75
HMR_3352	0	472.0
HMR_3353	0	100
HMR_3355	-542.75	542.75
HMR_3364	0	1282.25
HMR_3365	0	181.75
HMR_3367	0	472.0
HMR_3368	0	100
HMR_3369	0	1282.25
HMR_3370	0	181.75
HMR_3372	0	472.0
HMR_3373	0	100
HMR_3375	-542.75	542.75
13DAMPPOX	0	0.25
APAT2rm	-118.25	118.25
BAMPPALDOX	0	3545.5
NBAHH_ir	0	24.75
ABUTD	0	110.25
HMR_4079	0	3545.5
HMR_4078	0	1000
HMR_4347	0	158.5
HMR_4688	0	2543.0
HMR_4689	0	110.25
HMR_4735	0	398.25
HMR_7991	0	1000
HMR_7993	0	2543.0
HMR_1581	0	119.25
HMR_1589	0	146.75
HMR_1590	0	146.75
HMR_1595	0	85.75
HMR_1599	0	1318.5
HMR_1604	0	259.5
HMR_1605	0	259.5
HMR_1608	0	259.5
HMR_1609	0	259.5
HMR_1611	0	259.5
HMR_1614	0	259.5
HMR_1624	0	1481.75
HMR_1625	0	1481.75
HMR_1627	0	1481.75
HMR_1632	0	58.25
HMR_1635	0	58.25
HMR_1637	0	1282.25
HMR_1638	0	1282.25
HMR_1639	0	1282.25
HMR_1642	0	290.25
HMR_1646	0	472.0
HMR_1652	0	3225.5
HMR_1653	0	3225.5
HMR_1659	0	264.5
HMR_1660	0	11
HMR_1662	0	11
HMR_1663	0	11
HMR_1667	0	186.25
HMR_1673	0	85.75
HMR_1676	0	1318.5
HMR_1681	0	259.5
HMR_1682	0	259.5
HMR_1687	0	259.5
HMR_1689	0	259.5
HMR_1691	0	259.5
HMR_1692	0	2543.0
HMR_1693	0	259.5
HMR_1697	0	1481.75
HMR_1699	0	1481.75
HMR_1700	0	1481.75
HMR_1703	-58.25	58.25
HMR_1704	0	112
HMR_1706	0	290.25
HMR_1708	0	290.25
HMR_1710	0	3225.5
HMR_1716	0	230.5
HMR_1718	0	230.5
HMR_1762	0	259.5
HMR_1765	0	140.5
HMR_1766	0	258.5
HMR_1767	0	146.75
HMR_1768	0	85.75
HMR_1769	0	85.75
HMR_1790	0	259.5
HMR_1792	0	259.5
HMR_1796	0	259.5
HMR_1797	0	6585.5
HMR_1802	0	6585.5
HMR_1805	0	6585.5
HMR_1806	0	259.5
HMR_1807	-259.5	259.5
HMR_1813	0	2761.0
HMR_1830	0	119.25
HMR_1839	0	146.75
HMR_1841	0	186.25
HMR_1844	0	186.25
HMR_3799	0	230.5
HMR_3908	0	1094.75
HMR_3910	0	90.5
HMR_8063	0	1000
HMR_8064	0	1000
HMR_8065	0	90.5
HMR_1770	0	1000
HSD17B42x	0	290.25
HSD17B4x	0	290.25
P45027A12m	0	259.5
P45027A13m	0	259.5
P45027A15m	0	259.5
P45027A16m	0	259.5
r0301	0	8.25
r0630	-1000	1000
r0651	-1000	1000
r0688	-3545.5	3545.5
r0706	0	25.25
r0739	-1870.25	1870.25
r0743	0	290.25
r0744	0	290.25
RE1796R	-361.25	361.25
RE1804M	-259.5	259.5
RE1807M	-259.5	259.5
RE1827M	-259.5	259.5
RE1829M	-259.5	259.5
RE1830M	-259.5	259.5
RE1834C	0	56.25
RE1834M	-10.75	10.75
RE1835C	0	56.25
RE1836X	0	3125.5
RE2625M	-259.5	259.5
RE2626M	-259.5	259.5
RE2633R	-2479.25	2479.25
RE2649C	-56.25	56.25
RE2649M	0	10.75
RE3251M	0	259.5
RE3346C	-586.25	586.25
RE3346M	0	2959.25
HC02195te	0	301.5
HC02196te	0	301.5
r0698	0	1000
HMR_1848	0	1481.75
HMR_1862	0	451
HMR_1863	0	451
HMR_1864	0	451
HMR_1865	0	451
HMR_1866	0	451
HMR_1867	0	451
HMR_1868	0	304.25
HMR_1870	0	304.25
HMR_1872	0	305.25
HMR_1874	0	304.25
HMR_1875	-873.5	873.5
HMR_1876	-873.5	873.5
HMR_1877	-873.5	873.5
HMR_1879	-873.5	873.5
HMR_1896	0	238
HMR_4523	0	281.25
HMR_4539	-304.25	304.25
HMR_4540	-304.25	304.25
HMR_4541	-304.25	304.25
HMR_4542	-304.25	304.25
HMR_4543	-304.25	304.25
HMR_4544	-304.25	304.25
HMR_4817	-49.25	49.25
HMR_4818	-49.25	49.25
HMR_4833	-49.25	49.25
HMR_4834	-49.25	49.25
HMR_4835	-49.25	49.25
HMR_4836	-49.25	49.25
HMR_8538	0	304.25
HMR_7672	0	53.25
HMR_7673	0	53.25
HMR_8276	0	0.25
HMR_8277	0	1.5
HMR_8278	0	4.25
HMR_8279	0	1.5
HMR_8305	0	4.25
HMR_8306	0	1.5
HMR_8307	0	0.5
HMR_8308	0	0.5
HMR_8309	0	0.5
HMR_8316	0	8.5
HMR_8317	0	1.5
HMR_8318	0	82.0
HMR_8322	0	0.5
HMR_8325	0	2.75
HMR_8326	0	0.5
HMR_8330	0	0.5
HMR_8331	0	0.5
HMR_8332	0	0.5
HMR_8333	0	0.5
HMR_8334	0	0.5
HMR_8337	0	2.75
ST3GAL31g	0	43.25
HMR_1436	0	29.5
HMR_3163	0	908.0
HMR_4461	-203.5	203.5
HMR_4604	0	1040.75
HMR_5351	-13.75	13.75
ITCOALm	-495.75	495.75
MECOALm	-495.75	495.75
HMR_8662	-495.75	495.75
HMR_8668	-495.75	495.75
HMR_0159	-214.5	214.5
HMR_2599	-214.5	214.5
HMR_2602	-214.5	214.5
HMR_2605	-214.5	214.5
HMR_2608	-214.5	214.5
HMR_2611	-214.5	214.5
HMR_2614	-214.5	214.5
HMR_2620	-214.5	214.5
HMR_2633	-214.5	214.5
HMR_2648	-214.5	214.5
HMR_2651	-214.5	214.5
HMR_2657	-214.5	214.5
HMR_2660	-214.5	214.5
HMR_2663	-214.5	214.5
HMR_2666	-214.5	214.5
HMR_2669	-214.5	214.5
HMR_2672	-214.5	214.5
HMR_2675	-214.5	214.5
HMR_2681	-214.5	214.5
HMR_2684	-214.5	214.5
HMR_2687	-214.5	214.5
HMR_2690	-214.5	214.5
HMR_2693	-214.5	214.5
HMR_2699	-214.5	214.5
HMR_2702	-214.5	214.5
HMR_2705	-214.5	214.5
HMR_2708	-214.5	214.5
HMR_2711	-214.5	214.5
HMR_2714	-214.5	214.5
HMR_2717	-214.5	214.5
HMR_2720	-214.5	214.5
HMR_2726	-214.5	214.5
HMR_2730	-214.5	214.5
HMR_2733	-214.5	214.5
HMR_2736	-214.5	214.5
HMR_2739	-214.5	214.5
HMR_2759	-214.5	214.5
HMR_2762	-214.5	214.5
HMR_2768	-214.5	214.5
HMR_2771	-214.5	214.5
HMR_2774	-214.5	214.5
HMR_2877	-214.5	214.5
HMR_3032	-214.5	214.5
HMR_3521	-1000	1000
HMR_2778	-14.5	14.5
HMR_2783	-83.5	83.5
HMR_2785	-29	29
HMR_2801	-14.5	14.5
HMR_2807	-14.5	14.5
HMR_2809	-29	29
HMR_2817	-14.5	14.5
HMR_2819	-29	29
HMR_2821	-14.5	14.5
HMR_2825	0	14.5
HMR_2827	-29	29
HMR_2839	-14.5	14.5
HMR_2840	-29	29
HMR_2853	-14.5	14.5
HMR_2854	-29	29
HMR_2857	-14.5	14.5
HMR_2859	-29	29
HMR_2861	-14.5	14.5
HMR_2862	-29	29
HMR_2863	-14.5	14.5
HMR_2864	-29	29
HMR_2865	-14.5	14.5
HMR_2866	-29	29
HMR_2867	-14.5	14.5
HMR_2868	-29	29
HMR_2869	-14.5	14.5
HMR_2870	-29	29
HMR_2875	-14.5	14.5
HMR_2876	-29	29
HMR_2878	-14.5	14.5
HMR_2879	-29	29
HMR_2880	-14.5	14.5
HMR_2882	-29	29
HMR_2884	-14.5	14.5
HMR_2886	-29	29
HMR_2888	-14.5	14.5
HMR_2890	-29	29
HMR_2892	-14.5	14.5
HMR_2896	-14.5	14.5
HMR_2897	-29	29
HMR_2900	-14.5	14.5
HMR_2901	-29	29
HMR_2904	-14.5	14.5
HMR_2905	-29	29
HMR_2912	-214.5	214.5
HMR_2913	-14.5	14.5
HMR_2914	-29	29
HMR_2924	-214.5	214.5
HMR_2925	-14.5	14.5
HMR_2926	-29	29
HMR_0160	-83.5	83.5
HMR_0161	-114.5	114.5
HMR_0162	-83.5	83.5
HMR_0163	-382.25	382.25
HMR_2593	-114.5	114.5
HMR_2598	-114.5	114.5
HMR_2600	0	420.5
HMR_2601	-114.5	114.5
HMR_2603	-420.5	420.5
HMR_2604	-114.5	114.5
HMR_2606	-420.5	420.5
HMR_2607	-114.5	114.5
HMR_2609	-420.5	420.5
HMR_2610	-114.5	114.5
HMR_2612	-420.5	420.5
HMR_2613	-114.5	114.5
HMR_2616	-420.5	420.5
HMR_2618	-114.5	114.5
HMR_2621	-420.5	420.5
HMR_2622	-114.5	114.5
HMR_2624	-420.5	420.5
HMR_2625	-114.5	114.5
HMR_2630	-114.5	114.5
HMR_2634	-420.5	420.5
HMR_2635	-114.5	114.5
HMR_2638	-420.5	420.5
HMR_2644	-420.5	420.5
HMR_2646	-114.5	114.5
HMR_2649	-420.5	420.5
HMR_2650	-114.5	114.5
HMR_2652	-420.5	420.5
HMR_2653	-114.5	114.5
HMR_2655	-420.5	420.5
HMR_2656	-114.5	114.5
HMR_2659	-114.5	114.5
HMR_2661	-420.5	420.5
HMR_2662	-114.5	114.5
HMR_2664	-420.5	420.5
HMR_2665	-114.5	114.5
HMR_2667	-420.5	420.5
HMR_2668	-114.5	114.5
HMR_2670	-420.5	420.5
HMR_2671	-114.5	114.5
HMR_2673	-420.5	420.5
HMR_2676	-420.5	420.5
HMR_2677	-114.5	114.5
HMR_2679	-420.5	420.5
HMR_2680	-114.5	114.5
HMR_2682	-420.5	420.5
HMR_2683	-114.5	114.5
HMR_2685	-420.5	420.5
HMR_2686	-114.5	114.5
HMR_2688	-420.5	420.5
HMR_2689	-114.5	114.5
HMR_2691	-420.5	420.5
HMR_2692	-114.5	114.5
HMR_2695	-420.5	420.5
HMR_2697	-114.5	114.5
HMR_2700	-420.5	420.5
HMR_2701	-114.5	114.5
HMR_2703	-420.5	420.5
HMR_2704	-114.5	114.5
HMR_2706	-420.5	420.5
HMR_2707	-114.5	114.5
HMR_2709	-420.5	420.5
HMR_2710	-114.5	114.5
HMR_2712	-420.5	420.5
HMR_2713	-114.5	114.5
HMR_2715	-420.5	420.5
HMR_2718	-420.5	420.5
HMR_2722	-420.5	420.5
HMR_2727	-420.5	420.5
HMR_2731	-420.5	420.5
HMR_2732	-114.5	114.5
HMR_2734	-420.5	420.5
HMR_2735	-114.5	114.5
HMR_2737	-420.5	420.5
HMR_2738	-114.5	114.5
HMR_2740	-420.5	420.5
HMR_2741	-114.5	114.5
HMR_2744	-420.5	420.5
HMR_2748	-420.5	420.5
HMR_2750	-114.5	114.5
HMR_2753	-420.5	420.5
HMR_2754	-114.5	114.5
HMR_2757	-420.5	420.5
HMR_2758	-114.5	114.5
HMR_2760	-420.5	420.5
HMR_2764	-420.5	420.5
HMR_2769	-420.5	420.5
HMR_2770	-114.5	114.5
HMR_2772	-420.5	420.5
HMR_2773	-114.5	114.5
HMR_2775	-420.5	420.5
HMR_2776	-114.5	114.5
HMR_8417	-1000	1000
HMR_3027	-1000	1000
HMR_3028	-214.5	214.5
HMR_3033	-83.5	83.5
HMR_3034	-382.25	382.25
HMR_3035	-83.5	83.5
HMR_1440	0	19.75
HMR_1445	0	4.25
HMR_1448	-12.75	12.75
HMR_1451	0	2
HMR_1457	0	71.25
HMR_1460	0	71.25
HMR_1465	-21.5	21.5
HMR_1467	0	21.5
HMR_1470	0	2.75
HMR_1473	0	11.5
HMR_1477	0	16.5
HMR_1478	0	16.5
HMR_1479	0	16.5
HMR_1484	0	32.5
HMR_1490	0	36.5
HMR_1493	0	36.5
HMR_1494	0	36.5
HMR_1495	0	11.5
HMR_1496	0	11.5
HMR_1500	0	16
HMR_1502	0	36.5
HMR_1503	0	36.5
HMR_1504	0	36.5
HMR_1505	0	11.5
HMR_1509	0	16
HMR_1512	0	159.5
HMR_1516	0	209.5
HMR_1519	0	17.25
HMR_1526	0	168.75
HMR_1533	0	168.75
HMR_1558	0	209.5
HMR_1565	0	17.25
HMR_1535	0	168.75
HMR_1536	0	16.5
HMR_1538	0	16.5
HMR_1539	0	16.5
HMR_1540	0	32.5
HMR_1543	0	36.5
HMR_1544	0	36.5
HMR_1545	0	36.5
HMR_1546	0	11.5
HMR_1547	0	16
HMR_1548	0	36.5
HMR_1549	0	36.5
HMR_1550	0	36.5
HMR_1551	0	11.5
HMR_1552	0	16
ACACT1x	0	184.25
DHCR241r	0	168.75
DHCR242r	0	288.0
HMGCOASi	0	1040.75
HMGCOASim	0	1040.75
LNS14DM	0	204.5
SQLSr	0	21.5
r0170	-21.5	21.5
r0463	-1040.75	1040.75
r0488	-19.75	19.75
r0575	-21.5	21.5
r0783	-168.75	168.75
r1380	-168.75	168.75
HMR_1437	0	1040.75
HMR_1570	0	168.75
HMR_1576	0	29.5
HMR_1577	0	175
HMR_3105	-34.5	34.5
HMR_4630	0	19.75
S2TASE3ly	0	5.5
S4TASE1ly	-14.75	14.75
S4TASE2ly	-14.75	14.75
S4TASE3ly	-14.75	14.75
S4TASE4ly	-14.75	14.75
S4TASE5ly	-14.75	14.75
HMR_7501	0	1000
HMR_7502	0	14.75
HMR_7503	0	93.25
HMR_7504	0	45.25
HMR_7505	0	14.75
HMR_7506	0	14.75
HMR_7507	0	93.25
HMR_7513	0	1000
HMR_7514	0	14.75
HMR_7515	0	93.25
HMR_7516	0	45.25
HMR_7517	0	5.5
HMR_7518	0	2.25
HMR_7525	0	1000
HMR_7526	0	81.5
HMR_7527	0	45.25
HMR_7528	0	45.25
HMR_7529	0	14.75
HMR_7530	0	81.5
HMR_7531	0	45.25
HMR_7532	0	45.25
HMR_7541	0	1000
HMR_7542	0	81.5
HMR_7543	0	45.25
HMR_7544	0	45.25
HMR_7545	0	1000
HMR_7546	0	14.75
HMR_7547	0	81.5
HMR_7548	0	45.25
HMR_7549	0	45.25
HMR_7557	0	1000
HMR_7558	0	14.75
HMR_7559	0	93.25
HMR_7560	0	81.5
HMR_7561	0	45.25
HMR_7562	0	14.75
HMR_7563	0	45.25
HMR_7564	0	14.75
HMR_7565	0	113.75
HMR_7566	0	45.25
PNTEH	0	1000
r0679	-161.75	161.75
r0680	-161.75	161.75
HMR_3879	0	176
HMR_3881	0	235
HMR_3917	0	2.75
HMR_3922	-22	22
HMR_3928	0	205.0
HMR_3995	0	49
HMR_4189	0	60.25
HMR_4302	0	235
HMR_4323	0	176
HMR_5385	0	10
HMR_5386	0	16.5
HMR_5387	0	2
HMR_5389	0	126
HMR_5390	0	0.75
HMR_5391	0	946.75
HMR_5418	-22	22
HMR_5419	-22	22
HMR_6519	-13.75	13.75
HMR_6520	0	205.0
HMR_6523	0	274.5
HMR_8062	0	1000
HMR_8068	-597	597
HMR_8069	-130.25	130.25
CYSTA	-332.5	332.5
LCYSTAT	-332.5	332.5
LCYSTATm	-232.25	232.25
METAT	0	1176.75
METS	0	2.75
SULFOX	0	60.25
r0027	-49	49
r0193	-235	235
r0210	0	176
RE2030M	-22	22
RE2156M	-22	22
RE2223M	-22	22
CYSTGL	0	235
AHC	-899.5	899.5
4NPHSULT	0	375.0
FAH3	0	709.5
2HATVACIDteb	0	380.25
2HATVACIDthc	-1000	1000
2HATVLACteb	0	380.25
2HATVLACthc	-1000	1000
3HPVSteb	0	546.0
3HPVSthc	-1000	1000
3ISPVSteb	0	546.0
3ISPVSthc	-1000	1000
4HATVACIDteb	0	380.25
4HATVACIDthc	-1000	1000
4HATVLACteb	0	380.25
4HATVLACthc	-1000	1000
6EPSteb	0	546.0
6EPVSthc	-1000	1000
ACMPtu	0	143.25
ACMPGLUTtep	0	94.25
ACMPGLUTthc	0	94.25
ACMPGLUtep	0	94.25
ACMPGLUthc	0	94.25
ACMPthc	0	94.25
ALLOP1tu	0	1
ALLOPtepvb	-1000	1000
ATVACIDMCTtu	-13.25	13.25
ATVACIDtu	0	143.25
ATVLACThc	-1000	1000
ATVLACtu	0	143.25
CRVSATPtu	0	245.0
CRVSthc	-1000	1000
MERACMPtep	0	94.25
MERACMPthc	0	94.25
PTVSTATPtu	0	101.75
PTVSTtu	-288.0	288.0
PVSATPtu	0	338.75
PVSOATPtu	-1000	1000
RSVATPtu	0	101.75
RSVtu	-288.0	288.0
SMVtu	0	143.25
SMVthep	-1000	1000
CBR1	-38.75	38.75
GGT5r	-15.0	15.0
RE3010C	-38.75	38.75
RE3010M	-1000	1000
RE3010X	-1000	1000
RE3012C	-586.25	586.25
RE3012M	-2959.25	2959.25
RE3012R	-476	476
RE3307C	-38.75	38.75
RE3307M	-1000	1000
RE3307X	-1000	1000
RE3310R	-15724.75	15724.75
RE3339M	-10.75	10.75
RE3339X	-1000	1000
RE3343M	-10.75	10.75
RE3343X	-1000	1000
RE3430C	-38.75	38.75
RE3432C	-38.75	38.75
RE3432M	-1000	1000
RE3444M	-10.75	10.75
RE3444X	-1000	1000
RE3446C	-1710.75	1710.75
RE3446M	-39.25	39.25
RE3446X	-39.25	39.25
RE3501C	-1000	1000
RE3501R	-1000	1000
RE3501X	-1000	1000
RE3502C	-38.75	38.75
RE3560M	-10.75	10.75
RE3560X	-1000	1000
RE3572X	-290.25	290.25
RE3573X	-290.25	290.25
RE3581X	-1000	1000
RE3586X	-1000	1000
RE3597C	-38.75	38.75
RE3597M	-1000	1000
RE3597X	-1000	1000
HMR_8546	0	151.25
HMR_8552	-1000	1000
HMR_8557	0	6.75
HMR_8558	0	6.75
HMR_8559	-0.75	0.75
HMR_2029	0	9463.25
HMR_2030	0	9463.25
HMR_2031	0	9463.25
HMR_2032	0	9463.25
HMR_2033	0	9463.25
HMR_2034	0	9463.25
HMR_2037	0	0.5
HMR_2038	0	28
HMR_7602	0	60.5
HMR_7603	0	79.25
HMR_7614	0	60.5
HMR_7615	0	79.25
HMR_0393	-1710.75	1710.75
HMR_0345	-1710.75	1710.75
HMR_2309	0	190.5
HMR_2311	0	124.25
HMR_2315	0	840.5
HMR_2317	0	166
HMR_2319	0	190.5
HMR_2321	0	124.25
HMR_2324	0	840.5
HMR_2326	0	166
HMR_2328	0	190.5
HMR_2330	0	124.25
HMR_2332	0	840.5
HMR_2334	0	166
HMR_2336	0	190.5
HMR_2338	0	124.25
HMR_2342	0	840.5
HMR_2343	0	166
HMR_2344	0	190.5
HMR_2345	0	124.25
HMR_2347	0	840.5
HMR_2348	0	166
HMR_2349	0	190.5
HMR_2350	0	124.25
HMR_2353	0	840.5
HMR_2354	0	166
HMR_2355	0	190.5
HMR_2356	0	124.25
HMR_2361	0	840.5
HMR_2362	0	166
HMR_2363	0	190.5
HMR_2364	0	124.25
HMR_2281	0	2.75
HMR_2282	0	2.75
HMR_2284	0	2.75
HMR_2286	0	2.75
HMR_2287	0	2.75
HMR_2292	0	2.75
HMR_2293	0	2.75
HMR_2294	0	38.0
HMR_2295	0	2.75
HMR_2296	0	2.75
HMR_2359	0	657.25
HMR_2365	0	657.25
HMR_2288	0	2.75
HMR_2289	0	2.75
HMR_2190	0	840.5
HMR_2191	0	166
HMR_2193	0	190.5
HMR_2194	0	124.25
HMR_2201	0	840.5
HMR_2202	0	166
HMR_2203	0	190.5
HMR_2205	0	840.5
HMR_2208	0	166
HMR_2209	0	190.5
HMR_2210	0	124.25
HMR_2211	0	840.5
HMR_2212	0	166
HMR_2213	0	190.5
HMR_2214	0	124.25
HMR_2215	0	840.5
HMR_2217	0	166
HMR_2218	0	190.5
HMR_2219	0	124.25
HMR_2259	0	840.5
HMR_2260	0	166
HMR_2261	0	190.5
HMR_2262	0	124.25
HMR_2263	0	840.5
HMR_2264	0	166
HMR_2265	0	190.5
HMR_2266	0	124.25
HMR_2267	0	840.5
HMR_2268	0	166
HMR_2269	0	190.5
HMR_2270	0	124.25
ACCOACm	0	53.25
ADRNCPT2	-114.5	114.5
ADRNCRNt	-82.5	82.5
ARACHCPT1	-214.5	214.5
ARACHCRNt	-82.5	82.5
C160CPT1	-214.5	214.5
C160CRNt	-82.5	82.5
C161CPT1	-214.5	214.5
C161CPT12	-214.5	214.5
C161CPT22	-85.5	85.5
C161CRN2t	-82.5	82.5
C161CRNt	-82.5	82.5
C180CPT1	-214.5	214.5
C180CRNt	-82.5	82.5
C181CPT1	-214.5	214.5
C181CPT2	-85.5	85.5
C181CRNt	-82.5	82.5
C204CPT1	-214.5	214.5
C204CRNt	-82.5	82.5
C226CPT1	-214.5	214.5
C226CPT2	-85.5	85.5
CLPNDCPT2	-114.5	114.5
CLPNDCRNt	-82.5	82.5
CSNAT3x	-29	29
CSNATer	-29	29
CSNATp	-29	29
CSNATr	-243.5	243.5
DCSPTN1CPT2	-114.5	114.5
DCSPTN1CRNt	-82.5	82.5
DLNLCGCPT1	-214.5	214.5
DLNLCGCRNt	-82.5	82.5
EICOSTETCPT2	-114.5	114.5
EICOSTETCRNt	-82.5	82.5
ELAIDCPT1	-214.5	214.5
ELAIDCPT2	-85.5	85.5
ELAIDCRNt	-82.5	82.5
FA160ACPH	-67.25	67.25
FACOAL140i	0	39.25
FACOAL150	-1710.75	1710.75
FACOAL160i	0	39.25
FACOAL170	-1710.75	1710.75
FACOAL180i	0	39.25
FACOAL1821	-39.25	39.25
FACOAL1831	-1710.75	1710.75
FACOAL184	-1710.75	1710.75
FACOAL203	-1710.75	1710.75
FACOAL204	-1710.75	1710.75
FACOAL2042	-1710.75	1710.75
FACOAL205	-1710.75	1710.75
FACOAL206	-1000	1000
FACOAL224	-1710.75	1710.75
FACOAL2252	-1710.75	1710.75
FACOAL246_1	0	1000
FACOAL260	-1710.75	1710.75
FACOAL40im	0	182.25
FACOAL80i	0	39.25
FAOXC140	0	451.25
FAOXC150m	0	451.25
FAOXC160	0	451.25
FAOXC16080m	0	451.25
FAOXC161802m	0	451.25
FAOXC16180m	0	451.25
FAOXC180	0	451.25
FAOXC1811601m	0	451.25
FAOXC1811602m	0	451.25
FAOXC1811603m	0	451.25
FAOXC182806m	0	451.25
FAOXC18280m	0	451.25
FAOXC183803m	0	451.25
FAOXC183806m	0	451.25
FAOXC18480m	0	451.25
FAOXC18480x	0	1000
FAOXC200180m	0	451.25
FAOXC2031836m	0	451.25
FAOXC204	0	451.25
FAOXC204184m	0	451.25
FAOXC2051843m	0	451.25
FAOXC2051843x	0	1000
FAOXC2242046m	0	451.25
FAOXC2251836m	0	451.25
FAOXC2252053m	0	451.25
FAOXC2252053x	0	1000
FAOXC226	0	451.25
FAOXC226205m	0	451.25
FAOXC240200x	0	1000
FAOXC80	0	451.25
HPDCACRNCPT1	-214.5	214.5
HPDCACRNt	-82.5	82.5
LNELDCCPT2	-114.5	114.5
LNELDCCRNt	-82.5	82.5
LNLCCPT1	-214.5	214.5
LNLCCPT2	-85.5	85.5
LNLCCRNt	-82.5	82.5
LNLNCACPT1	-214.5	214.5
LNLNCACPT2	-85.5	85.5
LNLNCACRNt	-82.5	82.5
LNLNCGCPT1	-214.5	214.5
LNLNCGCRNt	-82.5	82.5
MCD	0	35.25
MCDm	0	35.25
MCDp	0	35.25
PCRNtm	-82.5	82.5
PHYHx	0	1559.5
PTDCACRNCPT1	-214.5	214.5
PTDCACRNt	-82.5	82.5
PTE4x	0	1000
STRDNCCPT2	-114.5	114.5
STRDNCCRNt	-82.5	82.5
TETTET6CPT1	-214.5	214.5
TMNDNCCPT2	-114.5	114.5
TMNDNCCRNt	-82.5	82.5
TTDCPT2	-85.5	85.5
TTDCRNt	-82.5	82.5
r0308	0	100.75
r0309	-128	128
r0310	0	2001.25
r0311	0	39.25
r0430	0	300.0
r0431	-300.0	300.0
r0432	-300.0	300.0
r0433	0	300.0
r0434	-329.0	329.0
r0438	0	300.0
r0441	-329.0	329.0
r0444	0	300.0
r0446	-329.0	329.0
r0633	-128	128
r0636	-382.25	382.25
r0637	0	382.25
r0638	-128	128
r0641	-15.0	15.0
r0652	-128	128
r0735	-128	128
r0791	-128	128
r1251	0	39.25
r1252	0	39.25
r1253	0	39.25
r1254	0	39.25
r1257	0	39.25
r1259	0	39.25
r1260	0	39.25
r1262	0	39.25
r1447	0	1268
r1448	0	1268
r1449	0	1268
r1450	0	1268
r1451	0	1268
r1487	-1710.75	1710.75
RE0512X	-290.25	290.25
RE1516M	-1422	1422
RE1516X	-1268	1268
RE1517M	-1422	1422
RE1517X	-1268	1268
RE1518M	-1422	1422
RE1518X	-1268	1268
RE1519X	-1268	1268
RE1520M	-175.75	175.75
RE1521M	-175.75	175.75
RE1522M	-175.75	175.75
RE1523M	-175.75	175.75
RE1525M	-290.25	290.25
RE1525X	-290.25	290.25
RE1526M	-290.25	290.25
RE1526X	-290.25	290.25
RE1527M	-290.25	290.25
RE1527X	-290.25	290.25
RE1531M	-1000	1000
RE1531X	-1000	1000
RE1532M	-1000	1000
RE1532X	-1000	1000
RE1533X	-1000	1000
RE1534M	-1000	1000
RE1573M	-126.75	126.75
RE2908M	-290.25	290.25
RE2913M	-1962.25	1962.25
RE2913X	-1268	1268
RE2914M	-1962.25	1962.25
RE2919M	-175.75	175.75
RE2920M	-175.75	175.75
RE2985M	0	1268
RE2987X	-290.25	290.25
RE2988X	-1000	1000
RE2989X	-100	100
RE2991X	-290.25	290.25
RE2992M	-126.75	126.75
RE2992X	-1000	1000
RE2993X	-1000	1000
RE2996X	-1000	1000
RE2998M	0	1268
RE2999M	-126.75	126.75
RE3000M	-296.25	296.25
RE3001M	-105.5	105.5
RE3003M	-126.75	126.75
RE3004M	-175.75	175.75
RE3005M	-290.25	290.25
RE3006M	-1000	1000
RE3074X	-39.25	39.25
RE3082X	-290.25	290.25
RE3086X	0	1268
RE3088X	-290.25	290.25
RE3090X	-1000	1000
RE3093X	-290.25	290.25
RE3097X	-1000	1000
RE3106R	-28.25	28.25
RE3110R	0	28.25
RE3112R	-28.25	28.25
RE3113R	-28.25	28.25
RE3114R	-1710.75	1710.75
RE3119R	-28.25	28.25
RE3120R	0	28.25
RE3121R	-28.25	28.25
RE3122R	-28.25	28.25
RE3132R	-1710.75	1710.75
RE3139X	-1000	1000
RE3141X	-290.25	290.25
RE3147R	-28.25	28.25
RE3150R	-28.25	28.25
RE3155R	-28.25	28.25
RE3156X	-290.25	290.25
RE3161R	0	28.25
RE3162R	-28.25	28.25
RE3163R	-28.25	28.25
RE3164R	-28.25	28.25
RE3165R	0	28.25
RE3166R	-28.25	28.25
RE3167R	-28.25	28.25
RE3168R	-28.25	28.25
RE3169R	-28.25	28.25
RE3170R	0	28.25
RE3171R	-28.25	28.25
RE3172R	-28.25	28.25
RE3173R	-28.25	28.25
RE3174R	0	28.25
RE3175R	-28.25	28.25
RE3176R	-28.25	28.25
RE3177M	-290.25	290.25
RE3178M	-290.25	290.25
RE3179M	-290.25	290.25
RE3184M	-694.25	694.25
RE3185M	-694.25	694.25
RE3186M	-694.25	694.25
RE3190M	-1000	1000
RE3191M	-1000	1000
RE3192M	-175.75	175.75
RE3193M	-175.75	175.75
RE3194M	-175.75	175.75
RE3195M	-1000	1000
RE3248M	-175.75	175.75
RE3624M	0	1268
RE3626M	0	1268
RE3628M	-126.75	126.75
C140CPT1	-214.5	214.5
C30CPT1	-214.5	214.5
C40CPT1	-214.5	214.5
C4CRNCPT2	-85.5	85.5
C80CPT1	-214.5	214.5
DCATDc	-1000	1000
FAOXC101C102m	0	1637.25
FAOXC101C102x	0	1268
FAOXC101m	0	126.75
FAOXC102C101m	0	105.5
FAOXC102C103m	0	369.25
FAOXC102C81m	0	1000
FAOXC102m	0	126.75
FAOXC103C102m	0	105.5
FAOXC122C101m	0	1000
FAOXC122m	0	126.75
FAOXC123C102m	0	1000
FAOXC123m	0	126.75
FAOXC142C122m	0	1000
FAOXC143C123m	0	1000
FAOXC163C143m	0	1000
FAOXC163C164Gm	0	210
FAOXC163GC142m	0	1000
FAOXC163Gm	0	126.75
FAOXC164C143m	0	1000
FAOXC164C165m	0	210
FAOXC164GC163m	0	105.5
FAOXC164m	0	126.75
FAOXC165C164m	0	105.5
FAOXC183C163m	0	1000
FAOXC184C163m	0	1000
FAOXC184m	0	126.75
FAOXC185C164m	0	1000
FAOXC185m	0	126.75
FAOXC204C184m	0	1000
FAOXC205C185m	0	1000
FAOXC225C204m	0	1000
FAOXC225C226m	0	210
FAOXC225m	0	126.75
FAOXC226C205m	0	1000
FAOXC226C225m	0	105.5
FAOXC226C227m	0	210
FAOXC226m	0	126.75
FAOXC227C226m	0	105.5
FAOXC61m	0	126.75
FAOXC6C4m	0	1000
FAOXC81C61m	0	1000
FAOXTC101TC102m	0	369.25
FAOXTC102C101m	0	105.5
FAOXTC122TC101m	0	1000
FAOXTC122m	0	126.75
FAOXTC142TC122m	0	1000
FAOXTC162TC142m	0	1000
FAOXTC182TC162m	0	1000
OCD11COACPT1	-214.5	214.5
OCD11CRNCACT	-82.5	82.5
OCD11CRNCPT2	-85.5	85.5
TTDCEAc	0	56.25
ACOATA	-67.25	67.25
MCOATA	-67.25	67.25
ACCOAC	0	53.25
FACOAL161	-1710.75	1710.75
FACOAL1832	-1000	1000
DESAT16_2	0	6498.5
DESAT18_10	0	657.25
DESAT18_3	0	6498.5
DESAT18_4	0	6498.5
DESAT18_5	0	6498.5
DESAT18_6	0	657.25
DESAT18_7	0	657.25
DESAT18_8	0	657.25
DESAT18_9	0	657.25
DESAT20_1	0	656
DESAT20_2	0	656
FAS100COA	0	67.25
FAS120COA	0	67.25
FAS140COA	0	67.25
FAS160COA	0	67.25
FAS180COA	0	67.25
FAS80COA_L	0	67.25
KAS8	0	67.25
r0678	0	67.25
r0682	0	67.25
r0691	0	67.25
r0692	0	67.25
r0694	0	67.25
r0696	0	67.25
r0701	0	67.25
r0712	0	67.25
r0713	0	67.25
r0760	0	67.25
r0761	0	67.25
r0763	0	67.25
r0764	0	67.25
r0765	0	67.25
r0766	0	67.25
r0767	0	67.25
r0768	0	67.25
r0769	0	67.25
r0771	0	67.25
r0772	0	67.25
r0773	0	67.25
RE0344C	-56.25	56.25
RE0568C	-1000	1000
RE0577C	-56.25	56.25
RE0578C	-56.25	56.25
RE0579C	-56.25	56.25
RE3224R	0	28.25
RE3225R	0	28.25
RE3226R	0	28.25
RE3227R	-28.25	28.25
RE3228R	-28.25	28.25
RE3229R	-28.25	28.25
RE3230R	-28.25	28.25
RE3231R	-28.25	28.25
RE3232R	-28.25	28.25
RE3234R	-28.25	28.25
RE3235R	-28.25	28.25
RE3236R	-28.25	28.25
RE3241R	0	28.25
RE3242R	-28.25	28.25
RE3243R	-28.25	28.25
RE3244R	-28.25	28.25
DESAT14_9	0	657.25
HMR_0709	0	264.25
HMR_2172	0	67.25
HMR_2177	0	67.25
HMR_2182	0	67.25
HMR_2248	0	67.25
HMR_2253	0	67.25
HMR_2258	0	67.25
FPGS2	0	63.25
FPGS2m	0	63.25
FPGS3	0	63.25
FPGS3m	0	63.25
FPGS4	0	63.25
FPGS4m	0	63.25
FPGS5	0	63.25
FPGS5m	0	63.25
FPGS6	0	63.25
FPGS6m	0	63.25
FPGS7m	0	63.25
FPGS8	0	63.25
FPGS8m	0	63.25
FPGS9	0	63.25
FPGS9m	0	63.25
FPGSm	0	63.25
GGH_10FTHF5GLUe	0	8
GGH_10FTHF5GLUl	0	8
GGH_10FTHF6GLUe	0	8
GGH_10FTHF6GLUl	0	8
GGH_10FTHF7GLUe	0	8
GGH_10FTHF7GLUl	0	8
GGH_5DHFe	0	8
GGH_5DHFl	0	8
GGH_5THFe	0	8
GGH_5THFl	0	8
GGH_6DHFe	0	8
GGH_6DHFl	0	8
GGH_6THFe	0	8
GGH_6THFl	0	8
GGH_7DHFe	0	8
GGH_7DHFl	0	8
GGH_7THFe	0	8
GGH_7THFl	0	8
MTHFCm	-5.0	5.0
MTHFDm	-72.5	72.5
r1382	0	63.25
r1383	0	8
MTHFR3	0	2
FPGS7	0	63.25
MTHFC	-70.75	70.75
MTHFD	-72.75	72.75
FPGS	0	63.25
r0792	-2	2
HMR_3923	0	240.0
HMR_3929	-138	138
HMR_4333	0	12.25
HMR_4335	0	12.25
HMR_4336	0	320
HMR_4338	0	70
HMR_4340	0	5.0
HMR_4446	0	2
HMR_4655	0	12.25
HMR_4656	0	12.25
HMR_4665	0	27.75
HMR_4666	0	21.75
HMR_7908	0	63.25
HMR_7909	0	63.25
HMR_7910	0	63.25
HMR_7911	0	63.25
HMR_7912	0	63.25
HMR_7913	0	63.25
HMR_8105	0	63.25
HMR_8106	0	63.25
HMR_8107	0	63.25
HMR_8108	0	63.25
HMR_8109	0	63.25
HMR_8110	0	63.25
HMR_8112	0	63.25
HMR_8113	0	63.25
HMR_8114	0	63.25
HMR_8115	0	63.25
HMR_8116	0	63.25
HMR_8117	0	63.25
HMR_8143	0	21.75
HMR_8758	0	320
HMR_3625	0	15.5
HMR_3626	0	15.5
HMR_3627	0	15.5
HMR_3628	0	15.5
HMR_3629	0	15.5
HMR_3630	0	15.5
HMR_3631	0	15.5
HMR_3632	0	15.5
HMR_3633	0	15.5
HMR_3634	0	15.5
HMR_3635	0	15.5
HMR_3636	0	15.5
HMR_3637	0	15.5
HMR_3638	0	15.5
HMR_3639	0	15.5
HMR_3640	0	15.5
HMR_3641	0	15.5
HMR_3642	0	15.5
HMR_3643	0	15.5
HMR_3644	0	15.5
HMR_3645	0	15.5
HMR_3646	0	15.5
HMR_3647	0	15.5
HMR_3648	0	15.5
HMR_3649	0	15.5
HMR_3650	0	15.5
HMR_3651	0	15.5
HMR_3652	0	15.5
HMR_3653	0	15.5
HMR_3654	0	15.5
HMR_3655	0	15.5
HMR_3656	0	15.5
HMR_3657	0	15.5
HMR_3658	0	15.5
HMR_3659	0	15.5
HMR_3660	0	15.5
HMR_3661	0	15.5
HMR_3662	0	15.5
HMR_3663	0	15.5
HMR_3664	0	15.5
HMR_3665	0	15.5
HMR_3666	0	15.5
HMR_3667	0	15.5
HMR_3668	0	15.5
HMR_3669	0	15.5
HMR_3670	0	15.5
HMR_3671	0	15.5
HMR_3672	0	15.5
HMR_3673	0	15.5
HMR_3674	0	15.5
HMR_3675	0	15.5
HMR_3676	0	15.5
HMR_3677	0	15.5
HMR_3678	0	15.5
HMR_3679	0	15.5
HMR_3680	0	15.5
HMR_3681	0	15.5
HMR_3682	0	15.5
HMR_3683	0	15.5
HMR_3684	0	158.25
HMR_3685	0	158.25
HMR_3686	0	158.25
HMR_3687	0	158.25
HMR_3688	0	158.25
HMR_3689	0	158.25
HMR_3690	0	158.25
HMR_3691	0	158.25
HMR_3692	0	158.25
HMR_3693	0	158.25
HMR_3694	0	158.25
HMR_3695	0	158.25
HMR_3696	0	158.25
HMR_3697	0	158.25
HMR_3698	0	158.25
HMR_3699	0	158.25
HMR_3700	0	158.25
HMR_3701	0	158.25
HMR_3702	0	158.25
HMR_3703	0	158.25
HMR_3704	0	158.25
HMR_3705	0	158.25
HMR_3706	0	158.25
HMR_3707	0	158.25
HMR_3708	0	158.25
HMR_3709	0	158.25
HMR_3710	0	158.25
HMR_3711	0	158.25
HMR_3712	0	158.25
HMR_3713	0	158.25
HMR_3714	0	158.25
HMR_3715	0	158.25
HMR_3716	0	158.25
HMR_3717	0	158.25
HMR_3718	0	158.25
HMR_3719	0	158.25
HMR_3720	0	158.25
HMR_3721	0	158.25
HMR_3722	0	158.25
HMR_3723	0	158.25
HMR_3724	0	158.25
HMR_3725	0	158.25
HMR_3726	0	158.25
HMR_3727	0	158.25
HMR_3728	0	158.25
HMR_3729	0	158.25
HMR_3730	0	158.25
HMR_3731	0	158.25
HMR_3732	0	158.25
HMR_3733	0	158.25
HMR_3734	0	158.25
HMR_3735	0	158.25
HMR_3736	0	158.25
HMR_3737	0	158.25
HMR_3738	0	158.25
HMR_3739	0	158.25
HMR_3740	0	158.25
HMR_3741	0	158.25
HMR_3742	0	158.25
HEX4	0	84.5
KHK	0	275.25
SBTR	0	98.0
r0191	0	18.75
r0208	0	27.75
FBA2	-2922.5	2922.5
MAN1PT2	0	27.75
MAN6PI	-7	7
PMANM	-43.25	43.25
HEX7	0	84.5
HMR_4297	0	51.5
HMR_4315	-811.25	811.25
HMR_4316	0	12.25
HMR_4319	0	4.75
HMR_4385	0	40.75
HMR_4386	0	58.75
HMR_4387	0	27.75
HMR_4399	0	1.5
HMR_4400	0	19.25
HMR_4401	-9.25	9.25
HMR_4402	-3	3
HMR_4490	0	4.75
HMR_4706	0	55.75
HMR_8768	0	19.25
LACZe	0	9.75
SUCRe	0	90.5
UDPG4E	-11.75	11.75
GALK	0	40.25
GALT	-27	27
UGLT	-27	27
HMR_3944	0	342.25
HMR_4130	0	40.25
HMR_4132	0	27
HMR_4414	0	40.25
HMR_4831	0	1000
HMR_7674	0	14.5
HMR_8767	0	27
HMR_1981	0	7
HMR_1985	0	7
HMR_1987	-7	7
HMR_1988	0	1.5
ABTArm	-118.25	118.25
ALATA_L	-280.75	280.75
CBPSam	0	813.75
GLUDxm	-476.25	476.25
GLUDym	-476.25	476.25
GLUNm	0	121.0
P5CDm	0	135.25
r0178	-18	18
r0464	-3545.5	3545.5
r0549	-3545.5	3545.5
AMPTASECGe	0	272.0
GTHS	0	38.5
GTMLTe	0	5.75
OPAHir	0	46.75
r0021	-36.75	36.75
r0022	-36.75	36.75
r0129	-15.0	15.0
r0130	-15.0	15.0
AMPTASECG	0	272.0
HMR_4118	0	36.75
HMR_3870	0	36.75
HMR_4116	0	5016.5
HMR_4120	0	5016.5
HMR_4121	0	829.75
HMR_3889	0	46.75
HMR_3937	0	328
HMR_4326	0	38.5
HMR_4324	0	249.75
HMR_4708	0	76.25
HMR_8770	0	76.25
HMR_8769	0	15.0
HMR_0456	0	2543.0
HMR_0458	0	2189.25
HMR_0459	0	2543.0
HMR_0486	0	143.0
HMR_0487	0	143.0
HMR_0488	0	143.0
HMR_0489	0	143.0
HMR_0490	0	143.0
HMR_0491	0	143.0
HMR_0492	0	143.0
HMR_0493	0	143.0
HMR_0494	0	143.0
HMR_0495	0	143.0
HMR_0497	0	143.0
HMR_0498	0	143.0
HMR_0499	0	143.0
HMR_0500	0	143.0
HMR_0501	0	143.0
HMR_0502	0	143.0
HMR_0503	0	143.0
HMR_0504	0	143.0
HMR_0505	0	143.0
HMR_0507	0	143.0
HMR_0508	0	143.0
HMR_0509	0	143.0
HMR_0510	0	143.0
HMR_0511	0	143.0
HMR_0512	0	143.0
HMR_0513	0	143.0
HMR_0514	0	143.0
HMR_0515	0	143.0
HMR_0516	0	143.0
HMR_0517	0	143.0
HMR_0518	0	143.0
HMR_0519	0	143.0
HMR_0520	0	143.0
HMR_0521	0	143.0
HMR_0522	0	143.0
HMR_0523	0	143.0
HMR_0524	0	143.0
HMR_0525	0	143.0
HMR_0526	0	143.0
HMR_0527	0	143.0
HMR_0528	0	143.0
HMR_0529	0	143.0
HMR_0530	0	143.0
HMR_0531	0	143.0
HMR_0532	0	143.0
HMR_0533	0	143.0
HMR_0534	0	143.0
HMR_0535	0	143.0
HMR_0536	0	143.0
HMR_0537	0	143.0
HMR_0538	0	143.0
HMR_0539	0	143.0
HMR_0540	0	143.0
HMR_0541	0	143.0
HMR_0542	0	143.0
HMR_0543	0	143.0
HMR_0544	0	143.0
HMR_4296	0	39.5
HMR_0588	0	287.0
HMR_0596	0	285.25
HMR_0673	0	4
HMR_0674	0	4
HMR_0675	0	4
HMR_0676	0	4
HMR_0677	0	4
HMR_0678	0	4
HMR_5254	0	79.25
HMR_0496	0	143.0
HMR_0506	0	143.0
CHLPCTD	0	34.75
CHOLK	0	45.5
ETHAK	0	175.5
PETHCT	0	203.25
PI4P5K	0	29.5
r0245	-2191.25	2191.25
G3PD1	-198.0	198.0
GLYK	0	66.25
PGP	0	9
HMR_0450	0	66.25
HMR_0478	0	186.75
HMR_0479	0	198.0
HMR_0481	0	198.0
HMR_0483	0	20.25
HMR_0482	0	20.25
HMR_0635	0	80.5
HMR_0636	0	45.5
HMR_0638	0	34.75
HMR_0641	0	46.5
HMR_0646	0	80.5
HMR_0648	0	201.0
HMR_0649	0	14
HMR_0651	0	203.25
HMR_4627	0	259.5
HMR_4838	0	259.5
HMR_4839	0	259.5
HMR_7611	0	144.75
HMR_7612	0	4
HMR_7613	0	3.25
HMR_7755	0	146.75
HMR_8421	0	46.5
HMR_8424	0	14
HMR_9805	0	2.25
HMR_0589	0	287.0
HMR_0590	0	287.0
HMR_0591	0	287.0
HMR_0592	0	287.0
HMR_0593	0	287.0
HMR_0597	0	285.25
HMR_0598	0	285.25
HMR_0599	0	285.25
HMR_0600	0	285.25
HMR_0601	0	285.25
HMR_0607	-33	33
HMR_0610	0	23.75
HMR_0613	0	23.75
HMR_0614	0	87.0
HMR_0615	0	87.0
HMR_0616	0	16.75
HMR_0622	0	6.75
HMR_0623	0	16.25
HMR_0625	0	278.75
HMR_0627	0	16.75
HMR_0629	0	15.75
HMR_0630	0	79.25
HMR_0632	0	60.5
HMR_0633	0	406.0
HMR_0634	0	204.75
HMR_0642	0	15.75
HMR_0643	0	79.25
HMR_0644	0	60.5
HMR_0645	0	406.0
HMR_0653	0	176.25
HMR_0654	0	176.25
HMR_0657	0	176.25
HMR_0660	0	15.75
HMR_7591	-306.75	306.75
HMR_8523	0	15.75
HMR_8525	0	15.75
HMR_0579	0	143.75
HMR_0580	0	287.0
HMR_0581	0	33.25
HMR_0582	0	3.75
HMR_0584	0	1000
HMR_0586	0	32.75
HMR_0457	0	81.25
HMR_0460	0	81.25
HMR_3750	-296.5	296.5
HMR_3752	-171	171
HMR_3770	-171	171
HMR_3771	-296.5	296.5
HMR_3772	-296.5	296.5
HMR_3782	-296.5	296.5
HMR_3794	-22	22
HMR_3841	-0.75	0.75
HMR_3843	0	52.5
HMR_3849	0	364.0
HMR_3883	0	199.0
HMR_3901	0	869.25
HMR_3974	0	199.0
HMR_4198	0	96.5
HMR_4467	0	96.5
HMR_4284	0	334.5
HMR_4348	0	134.0
HMR_4584	-11.5	11.5
HMR_4696	0	50
HMR_4700	0	209.5
HMR_4742	0	543.0
HMR_4788	0	204.5
HMR_4789	0	1.25
HMR_4791	0	96.5
HMR_6409	0	240.0
HMR_7702	0	129
HMR_7703	0	199.5
HMR_8433	0	240.0
HMR_8434	0	240.0
HMR_8435	0	240.0
HMR_8436	0	240.0
HMR_8437	0	240.0
HMR_8439	0	209.5
HMR_8440	0	278.75
HMR_8441	0	50
HMR_9718	0	1000
HMR_4937	0	15.0
ALASm	0	560.75
BHMT	0	2266.5
GHMT2rm	-155.75	155.75
GLYATm	-17.75	17.75
GNMT	0	869.25
PGCD	0	0.75
SERHL	0	199.0
SPTix	0	96.5
r0160	0	96.5
r0553	-1000	1000
GHMT2r	-81.75	81.75
PSERT	0	0.75
PSP_L	0	3.25
THRS	0	2.5
THRD_L	0	134.0
HMR_4394	0	95.5
HMR_4381	-96	96
HMR_4379	0	20.5
HMR_4301	0	20.5
HMR_4377	0	671
HMR_4375	-2922.5	2922.5
HMR_4391	-226.75	226.75
HMR_4373	-680.5	680.5
HMR_4370	0	17.0
HMR_4371	0	119.5
HMR_4372	0	12.75
HMR_4363	-3.25	3.25
HMR_4358	0	140.5
HMR_4210	0	140.5
HMR_4193	0	140.5
HMR_4171	0	140.5
HMR_4421	0	140.5
HMR_4573	0	140.5
HMR_6627	0	140.5
HMR_4388	-13.75	13.75
HMR_4280	0	691.5
HMR_4137	0	353.25
HMR_3905	0	1870.25
HMR_3907	0	306.75
HMR_8360	0	1375.75
HMR_4097	0	45.5
HMR_4099	0	14.75
HMR_4133	0	45.5
HMR_9840	0	14.75
HMR_4108	0	45.5
HMR_9839	0	14.75
HMR_4283	-1.25	1.25
HMR_8357	0	2543.0
HMR_4360	0	35.5
HMR_6410	0	196.5
HMR_6412	0	27.5
HMR_4396	-5	5
HMR_8652	0	239.5
HMR_7745	-74	74
HMR_7746	0	89.25
HMR_7747	0	6.25
HMR_7748	-96	96
HMR_7749	-96	96
HMR_4101	0	1236.75
HMR_4103	0	1.25
ALDD2xm	0	2959.25
ALDD2y	0	3546.5
DPGM	-119.5	119.5
ETOHMO	0	6969.75
G6PPer	0	239.5
r0122	0	140.5
r0153	0	140.5
r0165	0	140.5
r0173	-701.25	701.25
r0202	-198.0	198.0
r0280	0	140.5
r0354	0	84.5
r0355	0	84.5
r0413	0	140.5
HEX1	0	84.5
PGK	-344	344
PGM	-119.5	119.5
ALDD2x	0	3546.5
LDH_L	-701.25	701.25
PFK	0	18.75
PYK	0	140.5
HMR_0817	0	54.75
HMR_0819	0	9.75
HMR_0820	0	97
HMR_0823	0	25.5
HMR_0827	0	23.25
HMR_0828	0	45.25
HMR_0830	0	9.75
HMR_0837	0	54.75
HMR_0838	0	18.0
HMR_0841	0	0.25
HMR_0842	0	23.25
HMR_0844	0	54.75
HMR_0845	0	18.0
HMR_0847	0	18.0
HMR_0848	0	24
HMR_0849	0	97.75
HMR_0850	0	18.0
HMR_0855	0	0.25
HMR_0815	0	23.25
HMR_0821	0	45.25
HMR_0824	0	97
HMR_0825	0	18.0
HMR_0805	0	0.75
HMR_0806	0	0.75
HMR_0807	0	45.25
HMR_0809	0	1000
HMR_0810	0	0.25
HMR_0811	0	11
HMR_0812	0	54.75
HMR_0801	0	0.25
HMR_0803	0	2.75
HMR_0860	0	14.25
HMR_0875	0	21.0
HMR_0876	0	2.75
HMR_0878	0	0.5
HMR_0889	0	13.0
HMR_0890	0	21.0
HMR_0891	0	13.0
HMR_0892	0	1000
HMR_0893	0	0.5
HMR_0894	0	0.5
HMR_0895	0	0.5
HMR_0896	0	0.5
HMR_0897	0	0.5
HMR_0899	0	0.5
HMR_0900	0	0.5
HMR_0906	0	8.5
HMR_0910	0	2.75
HMR_0911	0	0.5
HMR_0912	-1000	1000
RE2666G	0	13.25
RE2718C	0	2.25
HMR_0808	0	45.25
HMR_0832	0	7.25
HMR_0835	0	32
HMR_0836	0	45.25
HMR_0914	0	3
HMR_0915	-2.25	2.25
HMR_0924	0	247.75
HMR_0925	0	247.75
HMR_0793	0	3
HMR_0797	0	43.0
HMR_0804	0	45.25
HMR_0826	0	18.0
HMR_0919	0	0.5
HMR_0920	0	0.5
HMR_0926	0	247.75
HMR_8380	0	2.25
HMR_7186	0	2.25
HMR_7187	0	2.5
HMR_8383	0	15.75
HMR_8384	0	2.25
HMR_8385	0	4
HMR_8387	0	2.25
HMR_8388	0	4
HMR_8402	0	64.5
HMR_8403	0	7.75
HMR_8404	0	64.5
HMR_8405	0	7.75
HMR_8406	0	64.5
HMR_8407	0	64.5
HMR_8379	0	66.75
HMR_7185	0	66.75
HMR_8391	0	4.75
HMR_8392	0	4.75
HMR_8393	0	13.0
HMR_8394	0	4.75
HMR_8395	0	9.5
HMR_8396	0	13.0
HMR_8397	0	4.75
HMR_8398	0	9.5
HMR_8399	0	4.75
HMR_8401	0	13.0
HOXG	0	52.25
BIDGLCURr	0	624.25
FCLTm	0	78.25
FE3R2e	0	1000
CPPPGO	0	73.25
HMBS	0	33.5
UPPDC1	0	56.25
HS1ly	0	2.5
HS2ly	0	2.5
HS3ly	0	2.5
HS4ly	0	2.5
S2TASE1ly	0	5.5
S2TASE2ly	0	5.5
S6TASE1ly	-54.5	54.5
S6TASE2ly	-54.5	54.5
S6TASE3ly	-54.5	54.5
HMR_7225	0	3.5
HMR_7226	0	54.5
HMR_7227	0	2.5
HMR_7228	0	25
HMR_7229	0	7.75
HMR_7230	0	2.25
HMR_7231	0	54.5
HMR_7232	0	2.5
HMR_7233	0	25
HMR_7234	0	7.75
HMR_7235	0	14.75
HMR_7236	0	1000
HMR_7237	0	54.5
HMR_7238	0	2.5
HMR_7239	0	25
HMR_7240	0	7.75
HMR_7241	0	5.5
HMR_7242	0	2.25
HMR_7243	0	1000
HMR_7244	0	2.5
HMR_7245	0	25
HMR_7246	0	7.75
HMR_7247	0	5.5
HMR_7248	0	2.25
HMR_7249	0	1000
HMR_7250	0	7.75
HMR_7571	0	14.75
HMR_7572	0	45.25
HMR_7573	0	13.5
HISDC	0	26.25
MACOXO	0	592.5
SAMHISTA	0	50.5
IZPN	0	57
HMR_4428	0	28.0
HMR_4429	0	50.5
HMR_4430	0	115.5
HMR_4431	0	1.25
HMR_4437	0	110.5
HMR_4658	-138	138
HMR_4660	0	57
HMR_4712	0	127
HMR_5338	0	840.5
HMR_5339	0	216.5
INOSTO	0	8.5
MI14PP	0	6.25
MI1PS	0	2.25
MI34PP	0	5
PI34P5K	0	11.5
PI3P4K	0	43.75
PI3P5K	0	11.5
PI45P3K	0	46.25
PI4P3K	0	72.25
PI5P3K	0	81.0
PI5P4K	0	32.25
PMI12346PHn	0	28.75
MI1PP	0	78.75
MI3PP	0	50.75
MI4PP	0	50.75
HMR_4308	0	2.25
HMR_6539	0	8.5
HMR_6540	0	67.25
HMR_6544	0	6.25
HMR_6545	0	282.5
HMR_6548	0	26.0
HMR_6549	0	5
HMR_6550	0	32.5
HMR_6551	0	11.5
HMR_6552	0	30.25
HMR_6553	0	18.5
HMR_6554	0	18
HMR_6555	0	53.75
HMR_6556	0	32.5
HMR_6557	0	282.5
HMR_6558	0	32.5
HMR_6560	0	14.5
HMR_6561	0	6.25
HMR_6562	0	67.25
HMR_6563	0	4.5
HMR_6564	0	18
HMR_6565	0	16.5
HMR_6566	0	8
HMR_6569	0	6.25
HMR_6570	0	5
HMR_6571	0	67.25
HMR_6572	0	2.25
HMR_6576	0	4
HMR_6587	0	8.75
HMR_6592	0	11.5
HMR_6595	0	11.5
HMR_7652	0	31.0
HMR_7654	0	31.0
HMR_7655	0	97.5
HMR_7656	0	16.5
HMR_8807	0	32.5
HMR_8808	0	1000
HMR_8809	0	1000
HMR_8811	0	1000
HMR_8813	0	11.5
HMR_8814	0	1000
HMR_8815	0	11.5
HMR_8816	0	1000
HMR_8824	0	8.75
HMR_8835	0	31.0
HMR_8836	0	31.0
HMR_0663	0	59.0
HMR_6542	0	8.75
HMR_6543	0	11.75
HMR_6546	0	62.25
HMR_6547	0	282.5
HMR_6559	0	59.0
HMR_6579	0	11.5
HMR_6580	0	11.5
HMR_6581	0	11.5
HMR_6583	0	32.5
HMR_6584	0	32.5
HMR_6585	0	32.5
HMR_8822	0	59.0
HMR_8823	0	4.5
HMR_8829	0	8.75
HMR_8830	0	1000
HMR_8832	0	59.0
HMR_8833	0	4.5
PIK3er	0	1
HMR_9477	0	1.25
HMR_9478	0	0.25
HMR_9479	0	0.25
HMR_9493	0	16.75
HMR_9494	0	1000
HMR_9488	0	189.75
HMR_9489	0	1000
HMR_9516	0	11.25
HMR_9517	0	105.75
HMR_9577	0	3222.0
HMR_9578	0	1011.75
HMR_7335	0	82.0
HMR_7336	0	15.5
HMR_7337	0	32.25
HMR_7338	0	15.5
HMR_7340	0	32.25
HMR_7341	0	15.5
HMR_7343	0	32.25
HMR_7344	0	15.5
HMR_7346	0	32.25
HMR_7347	0	15.5
HMR_7349	0	32.25
HMR_7350	0	15.5
HMR_7352	0	32.25
HMR_7353	0	15.5
HMR_7355	0	32.25
HMR_7356	0	15.5
HMR_7358	0	32.25
HMR_7359	0	15.5
HMR_7361	0	32.25
HMR_7362	0	15.5
HMR_7364	0	32.25
HMR_7365	0	15.5
HMR_7367	0	32.25
HMR_7368	0	15.5
HMR_7370	0	32.25
HMR_7442	0	54.75
HMR_7443	0	32.25
HMR_7444	0	15.5
HMR_7445	0	32.25
HMR_7446	0	15.5
HMR_7448	0	32.25
HMR_7449	0	15.5
HMR_7451	0	32.25
HMR_7471	0	32.25
HMR_7472	0	54.75
HMR_7473	0	15.5
HMR_7474	0	32.25
HMR_7475	0	15.5
HMR_7477	0	32.25
HMR_7478	0	15.5
HMR_7480	0	32.25
AG13T10g	0	1
AG13T11g	0	1
AG13T12g	0	1
AG13T13g	0	1
AG13T14g	0	1
AG13T15g	0	1
AG13T16g	0	1
AG13T17g	0	1
AG13T18g	0	1
AG13T4g	0	1
AG13T5g	0	1
AG13T6g	0	1
AG13T7g	0	1
AG13T8g	0	1
AG13T9g	0	1
G14T10g	0	27.75
G14T11g	0	27.75
G14T12g	0	27.75
G14T13g	0	27.75
G14T14g	0	27.75
G14T15g	0	27.75
G14T16g	0	27.75
G14T17g	0	27.75
G14T18g	0	27.75
G14T19g	0	27.75
G14T20g	0	27.75
G14T21g	0	27.75
G14T6g	0	27.75
G14T7g	0	27.75
G14T8g	0	27.75
G14T9g	0	27.75
S23T3g	0	43.25
S23T4g	0	54.75
S6TASE11ly	-54.5	54.5
S6TASE12ly	-54.5	54.5
S6TASE13ly	-54.5	54.5
S6TASE14ly	-54.5	54.5
S6TASE15ly	-54.5	54.5
S6TASE16ly	-54.5	54.5
S6TASE17ly	-54.5	54.5
S6TASE18ly	-54.5	54.5
S6TASE19ly	-54.5	54.5
S6TASE20ly	-54.5	54.5
S6TASE21ly	-54.5	54.5
S6TASE23ly	-54.5	54.5
S6TASE24ly	-54.5	54.5
S6TASE26ly	-54.5	54.5
HMR_7373	0	79.25
HMR_7375	0	79.25
HMR_7376	0	16.75
HMR_7377	0	2.5
HMR_7378	0	81.5
HMR_7379	0	81.5
HMR_7380	0	81.5
HMR_7381	0	54.5
HMR_7382	0	45.25
HMR_7383	0	45.25
HMR_7384	0	81.5
HMR_7385	0	54.5
HMR_7386	0	45.25
HMR_7387	0	45.25
HMR_7388	0	81.5
HMR_7389	0	54.5
HMR_7390	0	45.25
HMR_7391	0	45.25
HMR_7392	0	81.5
HMR_7393	0	54.5
HMR_7394	0	45.25
HMR_7395	0	45.25
HMR_7396	0	81.5
HMR_7397	0	54.5
HMR_7398	0	45.25
HMR_7399	0	45.25
HMR_7400	0	81.5
HMR_7401	0	54.5
HMR_7402	0	45.25
HMR_7403	0	45.25
HMR_7404	0	81.5
HMR_7405	0	54.5
HMR_7406	0	45.25
HMR_7407	0	45.25
HMR_7408	0	81.5
HMR_7409	0	54.5
HMR_7410	0	45.25
HMR_7411	0	45.25
HMR_7412	0	81.5
HMR_7413	0	54.5
HMR_7414	0	45.25
HMR_7415	0	45.25
HMR_7416	0	81.5
HMR_7417	0	54.5
HMR_7418	0	45.25
HMR_7419	0	45.25
HMR_7420	0	81.5
HMR_7421	0	54.5
HMR_7422	0	45.25
HMR_7423	0	45.25
HMR_7424	0	81.5
HMR_7425	0	45.25
HMR_7426	0	81.5
HMR_7427	0	45.25
HMR_7455	0	81.5
HMR_7456	0	81.5
HMR_7457	0	81.5
HMR_7458	0	54.5
HMR_7459	0	45.25
HMR_7460	0	45.25
HMR_7461	0	81.5
HMR_7462	0	45.25
HMR_7463	0	54.5
HMR_7464	0	45.25
HMR_7465	0	81.5
HMR_7466	0	45.25
HMR_7467	0	81.5
HMR_7468	0	1000
HMR_7469	0	11
HMR_7484	0	81.5
HMR_7485	0	81.5
HMR_7486	0	81.5
HMR_7487	0	54.5
HMR_7488	0	45.25
HMR_7489	0	45.25
HMR_1102	0	38.75
HMR_1084	0	15.0
HMR_1085	0	1
HMR_1091	-648.0	648.0
HMR_1132	0	2543.0
HMR_1133	0	2543.0
HMR_1134	0	2543.0
HMR_1136	-1000	1000
HMR_1140	0	102.5
HMR_1142	-1000	1000
HMR_1146	0	151.25
HMR_1155	0	9463.25
HMR_1170	0	230.5
HMR_1171	0	230.5
HMR_1191	0	151.25
HMR_1192	0	151.25
HMR_1212	0	230.5
HMR_1213	0	230.5
HMR_1230	0	168.25
HMR_1232	0	151.25
HMR_1233	0	151.25
HMR_1244	0	151.25
HMR_1245	0	151.25
HMR_1246	0	151.25
HMR_1261	0	230.5
HMR_1262	0	230.5
HMR_1264	-1710.75	1710.75
HMR_1266	-1710.75	1710.75
HMR_1278	0	230.5
HMR_1279	0	230.5
HMR_1280	0	151.25
HMR_1285	-1000	1000
HMR_1293	0	472.0
HMR_1295	-230.5	230.5
HMR_1297	0	250.75
HMR_1300	0	472.0
HMR_1304	0	230.5
HMR_6398	0	6.5
HMR_6400	0	26.75
HMR_6401	0	2.25
HMR_6404	0	107.5
HMR_6399	0	6.5
AATAi	-108	108
LPCOXp	0	137.25
r0450	-108	108
HMR_4239	0	298.5
HMR_4288	0	120.5
HMR_4599	0	86.25
HMR_4667	0	122.0
HMR_4737	0	278.75
HMR_4739	0	278.75
HMR_4740	-2.75	2.75
HMR_6415	0	83
HMR_8021	0	137.25
HMR_7001	0	1616.75
HMR_7021	0	1616.75
HMR_7688	0	248.5
HMR_8032	0	3.0
HMR_8034	0	6326
HMR_8036	0	326.5
HMR_8037	0	326.5
HMR_8038	0	326.5
HMR_8040	0	3.5
HMR_8043	0	643.75
HMR_8046	0	0.25
HMR_8049	0	967.75
HMR_8052	0	2.75
HMR_8059	0	96.25
HMR_8596	0	3.0
HMR_8598	0	3.0
HMR_8601	0	3.0
HMR_6535	-2.5	2.5
PPAer	0	239.5
r0016	-587	587
r0023	0	219.5
r0068	0	0.5
r0083	0	338.0
r0084	0	338.0
r0097	0	0.5
r0163	0	68.25
r0196	-543.0	543.0
r0221	0	14.75
r0242	-9.75	9.75
r0317	-183.25	183.25
r0319	0	14.75
r0340	0	81.25
r0383	0	95.75
r0384	0	68.25
r0393	0	3545.5
r0407	-2922.5	2922.5
r0408	-18.75	18.75
r0409	-18.75	18.75
r0423	0	338.0
r0424	-338.0	338.0
r0425	-338.0	338.0
r0426	-183.25	183.25
r0451	0	68.25
r0510	0	6498.5
r0511	0	6498.5
r0517	-543.0	543.0
r0546	0	477
r0548	0	477
r0556	-83	83
r0559	-288	288
r0587	-9.75	9.75
r0610	-18.75	18.75
r0611	-18.75	18.75
r0620	-68.25	68.25
r0627	-2.75	2.75
r0642	-3545.5	3545.5
r0644	-288	288
r0737	0	9.75
r0752	-477	477
r0753	0	477
r0754	-477	477
r0755	0	477
r0756	-477	477
r0757	0	477
r0775	0	49.25
r1165	0	15.5
r1169	0	15.5
r1172	0	116.25
r1174	0	116.25
r1175	0	116.25
r1177	0	116.25
r1179	0	116.25
r1181	0	116.25
r1182	0	116.25
r1183	0	116.25
r1186	0	86.25
r1378	-1870.25	1870.25
r1392	0	24
r1418	-2225.0	2225.0
r1432	0	1000
r1433	0	49
r1446	0	1268
r1453	-65.75	65.75
RE0702C	-598	598
RE0936C	-0.25	0.25
RE0937C	-0.25	0.25
RE1691M	-151.75	151.75
RE2445C	-1.5	1.5
RE2513C	-598	598
RE2541C	-1.25	1.25
RE3381C	-1.25	1.25
H2CO3D	-2198.0	2198.0
r0082	0	338.0
r0220	0	14.75
r0318	0	14.75
r0422	-338.0	338.0
ALCD1	-1996.75	1996.75
r0339	0	81.25
r0392	-3545.5	3545.5
HMR_4201	0	1378.25
HMR_8752	0	1378.25
HMR_5406	0	2286.25
HMR_8751	0	54.25
HMR_8749	-1000	1000
HMR_8750	-1000	1000
HMR_7261	0	11.5
HMR_7263	0	6.5
HMR_7264	0	16.75
HMR_7265	0	22.5
HMR_7266	0	8.25
HMR_7267	0	7
HMR_7268	0	7
HMR_7269	0	12.5
HMR_7270	0	12.5
HMR_7271	0	116.0
HMR_7274	0	5.75
HMR_7275	0	8.5
HMR_7276	0	4.25
HMR_7277	0	8.5
HMR_7278	0	26.5
HMR_7280	0	4.75
HMR_7281	0	11.5
HMR_7285	0	356.25
HMR_7287	0	54.5
HMR_7288	0	1000
HMR_7289	0	112.75
HMR_7290	0	1000
HMR_7291	0	112.75
HMR_7293	0	112.75
HMR_7306	0	1000
HMR_7308	0	112.75
HMR_7309	0	112.75
HMR_7310	0	112.75
HMR_7311	0	112.75
HMR_7312	0	112.75
HMR_7313	0	112.75
HMR_7314	0	112.75
HMR_7315	0	112.75
HMR_7316	0	112.75
HMR_7317	0	112.75
HMR_7318	0	112.75
HMR_7319	0	112.75
HMR_7320	0	112.75
HMR_7321	0	112.75
HMR_7322	0	112.75
HMR_7323	0	27.25
HMR_7324	0	78.25
HMR_7325	0	22.25
HMR_7327	0	13.25
HMR_7328	0	3.25
HMR_7332	0	2.75
HMR_7333	0	32.25
HMR_7334	0	51
HMR_7428	0	67.0
HMR_7429	0	9.5
HMR_7574	0	16.75
HMR_7575	0	2.5
HMR_7576	0	80.75
HMR_7577	0	81.5
HMR_7578	0	45.25
HMR_7580	0	79.25
HMR_7582	0	79.25
HMR_7585	0	16.75
HMR_7586	0	2.5
HMR_7587	0	45.25
HMR_8691	0	6.5
HMR_8693	0	13.25
HMR_8694	0	3.25
DOLPGT1_Ler	0	7.25
G14Tg	0	27.75
M13N2Tg	0	27.25
M13N4Tg	0	13.25
M16N6Tg	0	3.25
M16NTg	0	22.25
MG1er	0	14.5
NMNATr	-3.5	3.5
NNMT	0	70.75
r0391	-108.0	108.0
r0584	-101.5	101.5
NNATr	0	3.5
NNDPR	0	76.75
NADS2	0	10.5
HMR_0712	0	272.75
HMR_4228	0	295.5
HMR_4251	0	76.75
HMR_4252	0	55.0
HMR_4253	0	19.75
HMR_4255	0	101.5
HMR_4257	-13.75	13.75
HMR_4260	0	10.5
HMR_4261	0	10.5
HMR_4262	-29	29
HMR_4263	0	56.75
HMR_4264	0	55.0
HMR_4265	0	19.75
HMR_4269	0	98
HMR_4270	0	128.75
HMR_4276	-10.25	10.25
HMR_4278	0	10.5
HMR_7142	0	6.5
HMR_7143	0	6.5
HMR_7627	0	6.5
HMR_8788	0	6.5
HMR_7676	0	70.75
HMR_8790	0	10.25
HMR_5407	0	2286.25
ADK1m	-436.0	436.0
ADK3m	-178.25	178.25
ADPGLC	0	10.5
ADPMAN	0	10.5
ADSL1	0	10.5
AMPDA	0	9.5
ATPH1e	0	157.0
ATPH2e	0	195.0
CYTDK1	0	30.25
CYTK3	-70	70
DCK1n	-3.25	3.25
DCK2n	-3.25	3.25
DGNSKm	0	9
NDP10ex	0	52.0
NDP3ex	0	52.0
NDP7er	0	185.25
NDP7ex	0	52.0
NDP7g	0	27
NDP8	0	13.25
NDP8ex	0	52.0
NDPK10	-286.0	286.0
NTP3e	0	52.0
PDE1	0	42.75
PDE4	0	21.0
TRDRm	0	49
URIDK2m	-13.25	13.25
r0456	0	9
r0531	-30.25	30.25
r1156	-44.5	44.5
ADK1	-436.0	436.0
ADSS	0	43.25
CTPS1	0	16.0
DTMPK	0	13.25
DURIPP	-248.75	248.75
GMPR	0	9.5
GMPS2	0	8.25
NDPK1	-286.0	286.0
NDPK2	-286.0	286.0
NDPK3	-286.0	286.0
NDPK4	-286.0	286.0
NDPK5	-286.0	286.0
NDPK6	-286.0	286.0
NDPK7	-286.0	286.0
NDPK8	-286.0	286.0
NDPK9	-286.0	286.0
r0345	-865.75	865.75
NTD6	0	18
ADPRDP	0	10.5
ADNK1	0	439
CYTK1m	-2.75	2.75
HMR_3965	0	6.25
HMR_3966	0	19.5
HMR_3968	-13.25	13.25
HMR_3999	0	42.5
HMR_4024	-70	70
HMR_4054	0	8.25
HMR_4061	0	42.5
HMR_4083	0	1000
HMR_4136	0	4287.75
HMR_4180	0	44.5
HMR_4185	0	65.5
HMR_4186	0	65.5
HMR_4342	0	222.5
HMR_4483	0	10
HMR_4516	0	23.5
HMR_4601	0	9
HMR_4633	0	1.75
HMR_4641	0	8.25
HMR_4806	0	11.25
HMR_6625	0	10
HMR_6626	0	22
HMR_7713	0	3
HMR_7716	0	3
HMR_7717	0	22
HMR_7721	0	3
HMR_7728	0	3
HMR_9850	0	13.5
HMR_7863	-70	70
HMR_7864	-70	70
HMR_7865	-70	70
HMR_7866	-70	70
HMR_7867	-70	70
HMR_7868	-70	70
HMR_7869	-70	70
HMR_7870	-70	70
HMR_7871	-70	70
HMR_7872	-70	70
HMR_7873	-70	70
HMR_7874	-70	70
HMR_7875	-2.75	2.75
HMR_7876	-70	70
HMR_7879	0	19.5
HMR_7880	0	18
HMR_7881	-255.25	255.25
HMR_7882	-255.25	255.25
HMR_7883	-1.25	1.25
HMR_7884	-255.25	255.25
HMR_7885	-255.25	255.25
HMR_7886	-1.25	1.25
HMR_7887	-255.25	255.25
HMR_7888	-255.25	255.25
HMR_7889	-255.25	255.25
HMR_7890	-1.25	1.25
HMR_7891	-255.25	255.25
HMR_7892	-255.25	255.25
HMR_7893	-255.25	255.25
HMR_8083	0	88.5
HMR_8085	0	88.5
HMR_8087	0	88.5
HMR_8443	0	53.75
HMR_8444	0	53.75
HMR_8448	-70	70
HMR_8449	-70	70
HMR_8450	-70	70
HMR_8451	-70	70
HMR_8452	-70	70
HMR_8453	-70	70
HMR_8454	-70	70
HMR_8455	-70	70
HMR_8456	-70	70
HMR_8457	-70	70
HMR_8458	-70	70
HMR_8459	-70	70
HMR_8460	-70	70
HMR_8462	-70	70
HMR_8463	-70	70
HMR_8464	-70	70
HMR_8465	-70	70
HMR_8466	-70	70
HMR_8467	-70	70
HMR_8468	-70	70
HMR_8469	-70	70
HMR_8470	-70	70
HMR_8471	-70	70
HMR_8472	-70	70
HMR_8473	0	1.75
HMR_8474	0	222.5
HMR_8478	-3.25	3.25
HMR_8479	-3.25	3.25
HMR_8482	0	49
HMR_8483	0	6.25
HMR_8485	0	29.5
HMR_8487	0	21
HMR_8488	0	19.5
HMR_8489	0	19.5
HMR_7160	0	152.75
HMR_7162	0	16
GUAPRT	0	70.5
HXPRT	0	70.5
N3Tg	0	19.5
S23Tg	0	15
HMR_7171	0	54.75
HMR_7180	0	4.0
HMR_7181	0	12.25
HMR_7436	0	55.25
HMR_7438	0	41.25
HMR_7440	0	4.0
HMR_8257	0	1.75
HMR_2472	0	657.25
HMR_2475	0	840.5
HMR_2478	0	166
HMR_2480	0	190.5
HMR_2482	0	124.25
HMR_2484	0	657.25
HMR_2486	0	840.5
HMR_2489	0	166
HMR_2491	0	190.5
HMR_2493	0	124.25
HMR_2497	0	840.5
HMR_2499	0	166
HMR_2501	0	190.5
HMR_2503	0	124.25
HMR_2505	0	657.25
HMR_2510	0	1282.25
HMR_2511	0	181.75
HMR_2515	0	840.5
HMR_2516	0	166
HMR_2518	0	190.5
HMR_2520	0	124.25
HMR_2522	0	840.5
HMR_2524	0	166
HMR_2526	0	190.5
HMR_2528	0	124.25
HMR_2530	0	840.5
HMR_2533	0	166
HMR_2535	0	190.5
HMR_2537	0	124.25
HMR_2540	0	840.5
HMR_2541	0	166
HMR_2542	0	190.5
HMR_2543	0	124.25
HMR_2546	0	151.25
HMR_2563	0	818.75
HMR_2573	0	818.75
HMR_2579	0	818.75
HMR_2368	0	657.25
HMR_2371	0	840.5
HMR_2374	0	1000
HMR_2376	0	1000
HMR_2378	0	124.25
HMR_2380	0	657.25
HMR_2383	0	840.5
HMR_2387	0	166
HMR_2389	0	190.5
HMR_2391	0	1000
HMR_2395	0	840.5
HMR_2397	0	166
HMR_2399	0	190.5
HMR_2401	0	124.25
HMR_2403	0	1000
HMR_2408	0	1282.25
HMR_2409	0	181.75
HMR_2411	0	100
HMR_2415	0	840.5
HMR_2417	0	166
HMR_2419	0	190.5
HMR_2421	0	124.25
HMR_2423	0	840.5
HMR_2426	0	166
HMR_2428	0	190.5
HMR_2430	0	124.25
HMR_2433	0	840.5
HMR_2434	0	166
HMR_2435	0	190.5
HMR_2436	0	124.25
HMR_3444	0	758.5
HMR_3446	0	250.75
HMR_3447	0	657.25
HMR_3448	0	758.5
HMR_3449	0	398.25
HMR_3450	0	680.5
HMR_3451	0	1028.25
HMR_3452	0	758.5
HMR_3453	0	398.25
HMR_3454	0	680.5
HMR_3455	-1028.25	1028.25
HMR_3456	0	758.5
HMR_3457	0	250.75
HMR_3459	0	1282.25
HMR_3462	0	542.75
HMR_3463	0	181.75
HMR_3466	0	1282.25
HMR_3467	0	181.75
HMR_3470	0	1282.25
HMR_7133	-48.25	48.25
HMR_7134	-235	235
HMR_7135	0	176
HMR_7139	-1120.25	1120.25
HMR_7647	0	1.25
PPA	0	187.0
CYOOm3i	0	1000
CYOOm2i	0	1000
HMR_3975	0	242.75
HMR_3977	0	242.75
HMR_3979	0	242.75
HMR_6912	0	242.75
HMR_6914	0	52543.5
HMR_6916	0	28602.0
HMR_6918	0	17256.5
HMR_6921	0	59626.75
r0578	-161.75	161.75
r0579	0	161.75
r0591	-44.75	44.75
r0596	0	68.25
r0614	-1000	1000
PNTK	0	161.75
PPNCL3	0	17.25
r0671	0	17.25
HMR_3871	0	67.25
HMR_4058	0	67.25
HMR_4498	0	1000
HMR_4500	0	13.75
HMR_4714	0	161.75
HMR_4715	0	161.75
HMR_4716	0	335.25
HMR_4717	-117.75	117.75
HMR_4718	0	161.75
HMR_4723	0	17.25
HMR_4725	0	3.75
HMR_4727	-67.25	67.25
HMR_4730	-161.75	161.75
HMR_4731	-161.75	161.75
HMR_4732	0	44.75
HMR_4733	0	3.75
HMR_4734	0	67.25
HMR_7731	0	24
HMR_4590	0	63
HMR_4591	0	128
HMR_4592	-12.25	12.25
HMR_4595	-49	49
HMR_8341	0	404.75
HMR_8352	0	12.25
HMR_8726	0	10
HMR_8729	0	6.5
HMR_6537	0	306.75
G6PDH1rer	-121.75	121.75
G6PDH2rer	-124.5	124.5
GNDer	0	21.25
PGLer	0	121.75
XYLK	0	49
XYLUR	-63	63
r0249	-3	3
G6PDH2c	0	2.75
GNDc	0	21.25
PGLc	0	21.25
G6PDH2r	-2.75	2.75
PGL	0	21.25
PRPPS	-45.75	45.75
RPI	-3	3
GND	0	21.25
HMR_4052	0	26.0
HMR_4623	0	143.0
HMR_4625	0	143.0
HMR_4473	0	21.25
HMR_4474	0	21.25
HMR_4350	-29.25	29.25
HMR_4351	-3	3
HMR_4352	-3	3
HMR_4354	-4	4
HMR_4404	-47	47
HMR_4477	-25.25	25.25
HMR_4501	-47	47
HMR_4565	-93.75	93.75
HMR_4710	-1	1
HMR_4841	0	1.25
HMR_8074	0	29.25
PEAMNO	0	115.5
PHETHPTOX2	0	616.25
PHYCBOXL	0	26.25
r0545	0	477
r0547	-477	477
HMR_3743	-296.5	296.5
HMR_4216	0	48.75
HMR_4218	0	91.5
HMR_4219	0	48.75
HMR_4220	0	213.5
HMR_4224	0	91.5
HMR_9866	-1000	1000
HMR_4225	0	91.5
HMR_4231	0	5.25
HMR_4242	0	333.25
HMR_4243	0	333.25
HMR_6731	0	26.25
HMR_6745	0	115.5
HMR_6747	0	115.5
HMR_6748	0	1.25
HMR_6749	-1.25	1.25
HMR_6751	0	115.5
HMR_6752	0	115.5
HMR_6753	0	1.25
HMR_6754	-1.25	1.25
HMR_6756	-1870.25	1870.25
HMR_6758	0	115.5
HMR_6760	0	1.25
HMR_6761	-1.25	1.25
HMR_6764	0	115.5
HMR_6766	0	1.25
HMR_6767	-1.25	1.25
HMR_6770	0	0.75
HMR_6772	0	1267.25
HMR_6774	0	444.5
HMR_6776	0	596.5
HMR_6778	0	326.75
HMR_6787	0	26.25
HMR_6789	0	115.5
HMR_6790	0	1.25
HMR_6791	-1.25	1.25
HMR_6826	0	108.25
HMR_6829	0	117.75
HMR_6834	-108.25	108.25
HMR_6838	0	40.5
HMR_6844	0	40.5
HMR_6850	0	40.5
HMR_6854	-108.25	108.25
HMR_7628	0	2.5
RE1441R	0	18
RE1447M	-19.25	19.25
RE1957R	0	18
RE3269C	-23.75	23.75
HMR_0010	0	130.0
HMR_0013	0	15.75
HMR_0014	0	15.75
HMR_0546	0	1000
HMR_0547	0	1000
HMR_0548	0	1000
HMR_0549	0	1000
HMR_0550	0	1000
HMR_0551	0	1000
HMR_0688	-1000	1000
HMR_0691	0	1000
HMR_0692	-1000	1000
HMR_5233	0	1000
HMR_5238	0	1000
HMR_5243	0	1000
HMR_5247	0	1000
HMR_0031	0	643.25
HMR_0032	0	222.75
HMR_0556_HMRdatabase	0	1000
HMR_0545	0	1000
HMR_0011	0	1000
HMR_5234	0	1000
HMR_5239	0	1000
HMR_5244	0	9.75
HMR_9022	0	1000
HMR_4657	0	543.0
HMR_4744	0	70
HMR_4746	0	33.5
HMR_4748	0	17
HMR_4750	0	56.25
HMR_4752	0	73.25
HMR_4755	0	9
HMR_4757	0	9
HMR_4758	0	78.25
HMR_9717	0	1000
HMR_4763	0	52.25
HMR_4764	0	138.25
HMR_8634	0	138.25
ACCOALm	0	14.75
ACS2	0	29.5
MMSAD3m	0	254.5
PPCOAOm	0	860.25
r1154	-319.25	319.25
HMR_0153	-45.5	45.5
HMR_3797	-14.75	14.75
HMR_4105	0	35.25
HMR_4106	0	35.25
HMR_4107	0	35.25
HMR_4282	0	254.5
HMR_4331	-45.5	45.5
HMR_3796	-14.75	14.75
HMR_4459	-45.5	45.5
HMR_4460	-14.75	14.75
HMR_4464	0	1000
HMR_9803	0	1000
HMR_9804	0	2761.0
HMR_4741	0	68.25
HMR_4497	0	1000
HMR_1305	0	6.75
HMR_1307	0	6.75
HMR_1312	0	85.5
HMR_1313	0	1.5
HMR_1321	-11.5	11.5
HMR_1325	0	7.25
HMR_1327	0	151.25
HMR_1330	0	0.75
HMR_1390	0	6.75
HMR_1394	-85.5	85.5
HMR_1395	-11.5	11.5
HMR_5166	0	20.75
HMR_5169	0	1000
HMR_5170	0	1000
HMR_5171	0	1000
HMR_5151	0	1000
HMR_5265	0	1271.0
HMR_5282	0	1271.0
HMR_5284	0	1271.0
HMR_5285	0	1271.0
HMR_5286	0	1271.0
HMR_5287	0	1271.0
GUAD	0	11.5
r0009	0	187.0
r0028	0	42.5
r0181	-42.5	42.5
r0276	-9.5	9.5
RE2888C	-598	598
PUNP4	-18	18
PUNP6	-18	18
HMR_3998	0	222.5
HMR_4000	0	49.75
HMR_4010	0	55.0
HMR_4081	0	55.0
HMR_4082	0	55.0
HMR_4012	0	442.25
HMR_4014	0	88.5
HMR_4020	-28.5	28.5
HMR_4022	0	49.75
HMR_4040	0	20.25
HMR_4042	0	43.25
HMR_4046	0	8.25
HMR_4048	0	88.5
HMR_4080	0	9.5
HMR_4085	-20.5	20.5
HMR_4134	0	222.5
HMR_4135	-28.5	28.5
HMR_4168	0	19.5
HMR_4290	0	42.5
HMR_4412	-15.0	15.0
HMR_4417	0	55.0
HMR_4418	-70.5	70.5
HMR_4419	0	9.5
HMR_4449	0	55.0
HMR_4450	0	55.0
HMR_4452	-70.5	70.5
HMR_4453	0	8.25
HMR_4481	0	1.75
HMR_4482	0	1.75
HMR_4486	0	4.75
HMR_4487	0	4.75
HMR_4488	0	4.75
HMR_4489	0	4.75
HMR_4492	0	4.75
HMR_4493	0	4.75
HMR_4495	0	4.75
HMR_4496	0	4.75
HMR_4518	0	11.5
HMR_4520	0	48.5
HMR_4600	0	9
HMR_4602	0	55.0
HMR_4611	0	9.5
HMR_4612	0	9.5
HMR_4614	0	9.5
HMR_4615	0	9.5
HMR_4617	0	9.5
HMR_4618	0	9.5
HMR_4619	0	9.5
HMR_4621	0	9.5
HMR_4632	0	55.0
HMR_4664	0	70.5
HMR_4694	0	1.75
HMR_4695	-18	18
HMR_4705	0	55.0
HMR_4799	0	11.25
HMR_4802	0	11.25
HMR_4804	-130.25	130.25
HMR_4808	0	1.75
HMR_4810	0	130.25
HMR_4812	-15.0	15.0
HMR_4814	-10.75	10.75
HMR_5301	0	44.5
HMR_5353	-28.5	28.5
HMR_6602	-2.5	2.5
HMR_6603	-2.5	2.5
HMR_7144	0	55.75
HMR_8755	0	48.5
HMR_4018	-286.0	286.0
HMR_4420	-286.0	286.0
HMR_4572	-286.0	286.0
ADSL2	0	10.5
GARFT	-11.25	11.25
PRAGSr	-11.25	11.25
r0666	-11.25	11.25
GLUPRT	0	11.25
IMPC	-10.75	10.75
NTD5l	0	105.0
TMDPP	-18	18
UPPN	0	158.5
r0139	-42.5	42.5
r0149	-42.5	42.5
r0377	0	3.25
r0483	-226.25	226.25
NTD1	0	18
HMR_4675	-286.0	286.0
HMR_6614	-286.0	286.0
HMR_6615	-286.0	286.0
HMR_6616	-286.0	286.0
HMR_3793	-108	108
HMR_3931	0	49
HMR_3969	0	30.25
HMR_3970	0	18
HMR_4008	-70	70
HMR_4032	0	16.0
HMR_4034	0	3.25
HMR_4036	0	9
HMR_4050	-3.25	3.25
HMR_4056	0	55.0
HMR_4059	0	222.5
HMR_4060	0	222.5
HMR_4127	0	53.5
HMR_4177	0	55.0
HMR_4179	0	55.0
HMR_4182	0	108.5
HMR_4183	0	42.5
HMR_4192	0	42.5
HMR_4194	0	16.0
HMR_4211	0	19.5
HMR_4343	0	1.5
HMR_4345	-174.25	174.25
HMR_4346	0	129.5
HMR_4484	0	55.0
HMR_4510	0	55.0
HMR_4512	-70	70
HMR_4513	0	3.25
HMR_4514	0	5.75
HMR_4577	-9	9
HMR_4579	-248.75	248.75
HMR_4580	0	5.75
HMR_4608	-3.25	3.25
HMR_4575	-3.5	3.5
HMR_4637	-13.25	13.25
HMR_4643	0	25.75
HMR_4676	0	44.5
HMR_5299	0	44.5
HMR_5352	0	44.5
HMR_5415	0	216.25
HMR_5416	0	216.25
HMR_6612	-13.25	13.25
HMR_6621	0	216.25
HMR_6623	0	8.25
HMR_6624	0	10
HMR_8072	0	1000
HMR_4030	-286.25	286.25
DHORD9	0	3.5
URIK1	0	44.5
RE2954C	-140.5	140.5
DTMPKm	0	13.25
CTPS2	0	16.0
OMPDC	0	9
ACOAHi	0	74.25
ALCD21_D	0	1996.75
ALCD21_L	0	1996.75
ALCD22_D	0	1996.75
ALCD22_L	0	1996.75
ALR3	0	98.0
LALDO	-1870.25	1870.25
LALDO2x	0	83.75
LCADi_D	0	3546.5
LDH_Lm	-701.25	701.25
L_LACDcm	0	18.75
ME2	0	133.75
PPDOx	0	83.75
PPDOy	0	98.0
r0062	0	74.25
GLYOX	0	2.75
LCADi	0	3546.5
LDH_D	-86.25	86.25
HMR_1568	0	1.25
HMR_3853	0	382.25
HMR_3854	0	141.25
HMR_3855	0	402.75
HMR_3857	0	227.25
HMR_8511	0	227.25
HMR_3859	0	86.25
HMR_4087	0	2.25
HMR_4089	0	133.75
HMR_4093	0	74.25
HMR_4095	0	74.25
HMR_4143	0	161
HMR_8497	0	399.75
HMR_8498	0	6326
HMR_8499	0	6326
HMR_8500	0	399.75
HMR_8501	0	129
HMR_8502	0	1870.25
HMR_8503	0	866.25
HMR_8504	0	2543.0
HMR_8506	0	2543.0
HMR_8507	0	1870.25
HMR_8512	0	86.25
HMR_6632	-103.25	103.25
HMR_6633	0	1969.5
HMR_6638	0	845.0
HMR_6643	0	3.5
HMR_6644	0	845.0
HMR_6645	0	3.5
HMR_6646	0	1099.75
HMR_6647	0	1099.75
HMR_6650	0	3.5
HMR_6651	0	3.5
HMR_6652	0	1099.75
HMR_6661	-1553.5	1553.5
HMR_6673	-1000	1000
HMR_6674	0	1099.75
HMR_6675	0	1099.75
HMR_6676	0	1099.75
HMR_6679	0	1942.5
HMR_8697	0	4.25
HMR_8710	0	13.75
HMR_8713	0	4.75
HMR_8717	0	4.75
HMR_6506	0	30.75
HMR_6507	0	128.75
HMR_6508	0	19.75
HMR_6509	0	44.75
HMR_6511	0	125.5
CATm	0	1375.75
r0010	0	1375.75
HMR_3984	0	1375.75
HMR_3960	0	1198.5
HMR_8409	0	6.75
HMR_8410	0	60
HMR_8413	0	1191.75
HMR_9838	0	40
SELCYSTGL	0	235
SELCYSTS	0	176
SELMETAT	0	1152.25
HMR_4545	0	26.25
HMR_4548	-225.25	225.25
HMR_4559	0	2543.0
HMR_4560	0	41
B3GALT41g	0	1000
B3GALT42g	0	1000
B3GALT43g	0	1000
B3GALT44g	0	1000
GAL3ST11	0	2.25
GAL3ST12	0	2.25
GALGT2	0	23.25
GALGT3	0	23.25
GALGT4	0	23.25
GBGT1	0	1000
NAGAly	0	11
SGPL12r	0	22.75
SIAT4Bg	0	1
SLCBK1	0	11.25
SPHK21c	0	11.25
ST3GAL21g	0	1
ST3GAL22g	0	1
ST3GAL23g	0	1
ST6GALNAC31	0	0.75
ST8SIA51g	0	1000
NEU21	0	1.5
NEU22	0	1.5
NEU24	0	1.5
HMR_0738	0	36
HMR_0741	0	9.75
HMR_0744	0	11.25
HMR_0746	0	271.5
HMR_0748	0	22.75
HMR_0773	0	11.25
HMR_0775	0	271.5
HMR_0779	0	22.75
HMR_0781	0	1000
HMR_0783	0	13.75
HMR_8149	0	0.75
HMR_8150	0	0.25
HMR_8151	0	1.5
HMR_8152	0	1.5
HMR_8155	0	54.75
HMR_8156	0	0.75
HMR_8159	0	0.75
HMR_8167	0	54.75
HMR_8168	0	25.5
HMR_8169	0	0.75
HMR_8170	0	0.75
HMR_8172	0	0.75
HMR_8173	0	1.5
HMR_8174	0	0.75
HMR_8175	0	24
HMR_8176	0	0.75
HMR_8177	0	0.75
HMR_8178	0	24
HMR_8179	0	0.25
HMR_8188	0	54.75
HMR_8189	0	54.75
HMR_8190	0	23.25
HMR_8191	0	23.25
HMR_8192	0	23.25
HMR_8194	0	1.5
HMR_8201	0	11
HMR_8206	0	2.25
HMR_8209	0	28
HMR_8212	0	2.25
HMR_8217	0	2.75
HMR_8224	0	42
HMR_8226	0	42
HMR_8227	0	42
HMR_8228	0	42
HMR_8233	0	34.75
HMR_8235	0	34.75
HMR_8238	0	22.75
HMR_8246	0	43.0
HMR_8249	0	1.5
HMR_8250	0	1.5
HMR_8251	0	1.5
HMR_0735	0	9.25
HMR_0736	0	9.25
HMR_0750	0	186.5
HMR_0754	0	48.75
HMR_0758	0	186.5
HMR_0753	-46.75	46.75
HMR_8211	0	29.25
HMR_0760	0	1.5
HMR_0761	0	9
HMR_8248	0	9
HMR_0762	0	18.25
HMR_0787	0	14.5
HMR_0765	0	247.75
HMR_0766	0	9.75
HMR_0767	0	285.25
HMR_0795	0	43.0
HMR_8242	0	2.25
HMR_8147	0	1.5
HMR_8148	0	0.25
HMR_8165	0	23.25
HMR_8184	0	97
HMR_0786	0	7.25
HMR_8210	0	3
HMR_8220	0	48.75
HMR_8245	0	1000
IPDDI	-18	18
AMY1e	0	868.0
GLDBRAN	0	24
MALTe	0	92.0
MALTly	0	22.25
MLTG1	0	68.25
MLTG1e	0	68.25
MLTG1ly	0	22.25
O16G2e	0	58.75
UDPGD	0	103.75
UDPGP	0	99.0
RE0915E	-772.25	772.25
RE0926E	-772.25	772.25
RE0935E	-772.25	772.25
RE0944E	-772.25	772.25
RE0958E	-772.25	772.25
MALT	0	90.5
HMR_4122	0	103.75
HMR_5395	0	4.75
HMR_5396	0	178.5
HMR_5397	0	94.75
HMR_5398	0	224.75
HMR_5399	0	24
HMR_5401	0	224.75
HMR_8568	0	363.75
HMR_8570	0	363.75
HMR_8571	0	363.75
HMR_8572	0	363.75
HMR_8574	0	363.75
HMR_8576	0	363.75
HMR_8578	0	363.75
HMR_8580	0	363.75
HMR_8582	0	363.75
HMR_8585	0	1.5
HMR_9727	0	238.0
DHEASULT	0	0.5
ESTSULT	0	0.5
HSD11B1r	-1000	1000
HSD17B1	-59.75	59.75
HSD17B7r	0	16
UGT1A10r	-624.25	624.25
RE1096R	0	7
RE1134R	0	7
21HPRGNLONE	0	2.25
HMR_1651	0	680.5
HMR_1924	0	760.75
HMR_1927	0	6499.5
HMR_1948	0	1.5
HMR_1991	0	7
HMR_1992	0	1.5
HMR_2007	0	1.5
HMR_4766	0	1942.5
HMR_7648	0	1942.5
HMR_7928	0	1.5
HMR_7932	0	1.5
HMR_7936	0	7
HMR_7937	0	7
HMR_7938	0	7
HMR_7940	0	9463.0
HMR_7941	0	9463.0
HMR_7943	0	438.75
HMR_7955	0	241.0
HMR_7959	0	533.0
HMR_7962	0	4.75
HMR_7965	0	533.0
HMR_7968	0	597.25
HMR_2041	0	597.25
HMR_7970	0	16
HMR_7976	0	1305.75
HMR_7980	0	4.75
HMR_7984	0	418.5
HMR_7987	0	418.5
HMR_3851	0	1000
HMR_3861	0	100.25
HMR_3915	0	50.5
HMR_4084	0	58.5
HMR_4187	0	58.5
HMR_4701	0	209.5
HMR_1573	0	1040.75
r0399	0	616.25
r0708	0	49.25
r0709	0	175.75
r0776	0	175.75
r0777	0	49.25
r0778	0	290.25
THMTP	0	11
HMR_4204	0	12.75
HMR_4206	0	12.75
HMR_4207	0	11
HMR_4208	0	6.25
ACCOAtr	-1000	1000
PIter	-70.75	70.75
UDPGLCAter	-48.25	48.25
r0960	-587	587
r2505	0	1
HMR_7294	0	1000
HMR_7300	0	1000
HMR_1592	0	1000
HMR_1593	-1000	1000
HMR_1619	-1000	1000
HMR_1631	-146.75	146.75
HMR_1695	-1000	1000
HMR_1850	-1000	1000
HMR_7307	0	1000
HMR_1311	-1000	1000
HMR_1392	-6.75	6.75
HMR_1530	-1000	1000
HMR_1672	-1000	1000
HMR_1937	-1000	1000
HMR_2039	-1000	1000
HMR_4765	-1000	1000
HMR_4856	-166.75	166.75
HMR_4860	0	1000
HMR_4878	-1000	1000
HMR_4881	0	17.25
HMR_4906	0	1000
HMR_4913	-1000	1000
HMR_4942	-2.75	2.75
HMR_5027	-4.25	4.25
HMR_5342	-34.5	34.5
HMR_6385	0	6.75
HMR_6386	0	70.75
HMR_6629	-1000	1000
HMR_7262	-1000	1000
HMR_7272	0	1000
HMR_7273	0	1000
HMR_7649	-873	873
HMR_7789	0	1000
HMR_7963	-1000	1000
HMR_7966	-1000	1000
HMR_7981	-1000	1000
HMR_7983	-1000	1000
HMR_7985	-1000	1000
HMR_7988	-1000	1000
HMR_7989	-1000	1000
HMR_8058	-1000	1000
HMR_8234	-1000	1000
HMR_8239	-1000	1000
HMR_8594	-1000	1000
HMR_8651	-1000	1000
HMR_8851	-1000	1000
HMR_9177	-1000	1000
HMR_9732	-1000	1000
HMR_9835	-1000	1000
HMR_0461	-56.75	56.75
HMR_0464	-1000	1000
HMR_0467	-1000	1000
HMR_0664	-7.5	7.5
HMR_0730	-148.0	148.0
HMR_9625	0	1000
HMR_4941	-1000	1000
HMR_0462	-1000	1000
HMR_4917	-1000	1000
HMR_9909	0	143.25
2HBt2	-61.0	61.0
2HCO3_NAt	-25	25
34DHPHEt	-27.5	27.5
5ADTSTSTERONEGLCte	0	1
5FTHFt2	-2.75	2.75
5HTRPVESSEC	0	2.75
5MTHFt	-13.0	13.0
5MTHFt2	-2.75	2.75
ABUTt4_2_r	-149.25	149.25
ACETONEt2	-61.0	61.0
ADNt	-77.75	77.75
ADRNLPVESSEC	0	2.75
AHANDROSTANGLCte	0	1
AKGt4_3	-11	11
ALADGLNexR	-24.75	24.75
ALADGLYexR	-24.75	24.75
ALAt4	0	148.5
ANDRSTRNGLCte	0	1
ASCBt4	-36.75	36.75
ASNCYSNaEx	0	2.5
ASNGLNNaEx	0	2.5
ASNSERNaEx	0	2.5
ASNt4	0	695.25
ASNTHRNaEx	0	2.5
ASPDt6	0	83.75
BALAVECSEC	0	1000
BILDGLCURte	0	332.25
BILGLCURt	-873	873
BILGLCURte	0	1
BTNt2	-13.25	13.25
BTNt3i	0	9.25
CAATPS	0	11.5
CAt7r	-0.75	0.75
CHOLATEt	-288.0	288.0
CHOLATEt3	0	301.5
CHOLtu	-269.0	269.0
CREATt4_2_r	-3.75	3.75
CRNt	-16.25	16.25
CRNtHa	0	16.25
CYSASNNaEx	0	4.25
CYSGLNNaEx	0	4.25
CYSGLUexR	-24.75	24.75
CYSGLYexR	-26.75	26.75
CYSSERNaEx	0	4.25
CYSt4	0	656.0
CYStec	-3	3
CYSTGLUex	0	23.75
CYSTHRNaEx	0	4.25
CYSTSERex	0	37.0
CYTDt	-77.75	77.75
DCYTt	-77.75	77.75
DEBRISOQUINEt	-228.5	228.5
DGSNt	-77.75	77.75
DHAAt1r	-5.0	5.0
DHEASt	-1161.0	1161.0
DOPAtu	-247.25	247.25
DOPAVESSEC	0	2.75
DURIt	-77.75	77.75
ESTRADIOLGLCt	-1161.0	1161.0
ESTRIOLGLCte	0	1
ESTRONEGLCt	0	94.25
ESTRONESt	-1163.0	1163.0
FOLt2	-2.75	2.75
FRUt1r	-277.75	277.75
GALt1r	-252.25	252.25
GAMt1r	-248.0	248.0
GCHOLAt	-1161.0	1161.0
GLCt1r	-283.75	283.75
GLCt2_2	-1.5	1.5
GLNASNNaEx	0	2.5
GLNCYSNaEx	0	2.5
GLNSERNaEx	0	2.5
GLNTHRNaEx	0	2.5
GLUt6	0	83.75
GLUVESSEC	0	8
GLYBt4_2_r	-149.25	149.25
GLYt7_211_r	-15	15
GSNt	-77.75	77.75
HCO3_CLt	-9.5	9.5
HISt4	0	695.25
HISTAtu	-247.25	247.25
HISTAVESSEC	0	2.75
HKt	0	127.0
HOMt4	0	148.5
ILEt4	0	1
ILEtec	-193.0	193.0
INSt	-77.75	77.75
KCCt	-31.5	31.5
LEUKTRC4t	-873	873
LEUt4	0	868.5
LEUtec	-193.0	193.0
LIPOti	0	9.25
LNLNCAt	-1000	1000
LYSt4	0	16.25
LYStiDF	0	799.25
MALTt1r	-5.0	5.0
MANt1r	-248.0	248.0
METt4	0	712.5
METtec	-3	3
NAHCO3_HCLt	-2.75	2.75
NaKt	0	194.25
NAt	-1.5	1.5
NAt5	-2.75	2.75
NCKt	-0.25	0.25
NH4t3r	-5.0	5.0
NKCC2t	-5.75	5.75
NKCCt	-5.75	5.75
NRPPHRtu	-231.0	231.0
NRPPHRVESSEC	0	2.75
PHEt4	0	845.0
PHEtec	-220.5	220.5
PROSTGD2t	-8	8
PROSTGE1t	-8	8
PROSTGE2t	-298.0	298.0
PROSTGE2t2	-228.5	228.5
PROSTGF2t	-228.5	228.5
PROt4	0	695.25
SELt4_3	-1.75	1.75
SERASNNaEx	0	2.5
SERCYSNaEx	0	4.25
SERDGLNexR	-24.75	24.75
SERDGLYexR	-24.75	24.75
SERGLNNaEx	0	2.5
SERLYSNaex	0	39.0
SERt4	0	696.25
SERTHRNaEx	0	4.25
SRTNtu	-231.0	231.0
SUCCt4_2	-1000	1000
TAURt4_2_r	-149.25	149.25
TCHOLAt	-1161.0	1161.0
THFt2	-2.75	2.75
THMMPt4	-2.75	2.75
THMTPt	0	2.75
THRASNNaEx	0	2.5
THRCYSNaEx	0	4.25
THRGLNexR	-24.75	24.75
THRGLNNaEx	0	2.5
THRGLYexR	-24.75	24.75
THRSERNaEx	0	4.25
THRt4	0	695.25
THYOXt	-288.0	288.0
THYOXt2	-931.75	931.75
TRIODTHYt	-1161.0	1161.0
TRIODTHYt2	-56.75	56.75
TRPt4	0	1
TSTSTERONEGLCte	0	1
TSULt4_3	-1.75	1.75
TYRt	-220.5	220.5
TYRt4	0	1
UREAt5	-1.5	1.5
URIt	-77.75	77.75
VALt4	0	1
VALtec	-193.0	193.0
r0813	0	94.25
r0817	-148.5	148.5
r0946	-0.5	0.5
r0961	0	587
r0992	0	436
r0993	0	237
r1015	0	436
r1026	0	207.25
r1028	0	207.25
r1043	0	1
r1143	0	83.75
r1144	0	84.75
r1514	0	41
r1515	0	41
r1516	0	41
r1517	0	41
r1518	0	41
r1519	0	41
r1520	0	41
r1521	0	41
r1522	0	41
r1523	0	41
r1525	0	41
r1527	0	41
r1529	0	41
r1540	0	149.25
r1544	-1	1
r1546	-1	1
r1547	-1	1
r1548	-1	1
r1549	-1	1
r1551	-1	1
r1552	-1	1
r1553	-1	1
r1554	-1	1
r1556	-1	1
r1557	-1	1
r1573	-1	1
r1574	-1	1
r1575	-1	1
r1576	-1	1
r1578	-1	1
r1579	-1	1
r1580	-1	1
r1581	-1	1
r1583	-1	1
r1584	-1	1
r1585	-1	1
r1586	-1	1
r1587	-1	1
r1588	-1	1
r1589	-1	1
r1590	-1	1
r1591	-1	1
r1592	-1	1
r1593	-1	1
r1594	-1	1
r1595	-1	1
r1596	-1	1
r1597	-1	1
r1598	-1	1
r1599	-1	1
r1600	-1	1
r1602	-1	1
r1603	-1	1
r1604	-1	1
r1605	-1	1
r1606	-1	1
r1607	-1	1
r1608	-1	1
r1609	-1	1
r1610	-1	1
r1611	-1	1
r1612	-42	42
r1613	-42	42
r1614	-42	42
r1615	-42	42
r1616	-42	42
r1617	-42	42
r1618	-42	42
r1619	-42	42
r1620	-42	42
r1621	-42	42
r1622	-42	42
r1623	-42	42
r1624	-42	42
r1625	-42	42
r1626	-42	42
r1627	-1	1
r1628	-1	1
r1629	-1	1
r1630	-1	1
r1631	-1	1
r1632	-1	1
r1633	-1	1
r1634	-1	1
r1636	-1	1
r1637	-1	1
r1638	-1	1
r1639	-1	1
r1640	-1	1
r1641	-1	1
r1642	-1	1
r1643	-1	1
r1644	-1	1
r1645	-1	1
r1646	-1	1
r1647	-1	1
r1648	-1	1
r1649	-1	1
r1650	-1	1
r1651	-1	1
r1652	-1	1
r1653	-1	1
r1654	-1	1
r1655	-1	1
r1656	-1	1
r1657	-1	1
r1658	-1	1
r1659	-1	1
r1660	-1	1
r1661	-1	1
r1662	-1	1
r1664	-1	1
r1665	-1	1
r1666	-1	1
r1668	-1	1
r1669	-1	1
r1670	-1	1
r1671	-1	1
r1673	0	1
r1674	0	1
r1675	0	1
r1676	0	1
r1677	0	1
r1678	0	1
r1679	0	1
r1680	0	1
r1681	0	1
r1682	0	1
r1683	0	1
r1684	0	1
r1685	0	1
r1686	0	1
r1702	0	1
r1705	0	1
r1706	0	1
r1707	0	1
r1708	0	1
r1710	0	1
r1711	0	1
r1713	0	1
r1715	0	1
r1716	0	1
r1717	0	1
r1720	0	1
r1721	0	1
r1722	0	1
r1723	0	1
r1725	0	1
r1726	0	1
r1728	0	1
r1730	0	1
r1731	0	1
r1732	0	1
r1734	0	1
r1735	0	1
r1736	0	1
r1737	0	1
r1738	0	1
r1739	0	1
r1740	0	1
r1741	0	1
r1742	0	1
r1743	0	1
r1744	0	1
r1745	0	1
r1746	0	1
r1747	0	1
r1749	0	1
r1750	0	1
r1751	0	1
r1752	0	1
r1753	0	1
r1754	0	1
r1755	0	1
r1756	0	1
r1757	0	1
r1758	0	1
r1759	0	1
r1760	0	1
r1761	0	1
r1958	0	26.25
r1992	0	37.0
r1993	0	0.5
r1994	0	37.0
r1995	0	37.0
r1996	0	37.0
r1997	0	37.0
r1998	0	37.0
r1999	0	37.0
r2000	0	37.0
r2001	0	37.0
r2002	0	37.0
r2003	0	37.0
r2004	0	37.0
r2005	0	37.0
r2006	0	37.0
r2007	0	37.0
r2008	0	37.0
r2009	0	0.5
r2010	0	37.0
r2011	0	37.0
r2012	0	37.0
r2013	0	37.0
r2014	0	37.0
r2015	0	37.0
r2016	0	37.0
r2017	0	37.0
r2018	0	37.0
r2019	0	37.0
r2020	0	37.0
r2021	0	37.0
r2022	0	37.0
r2023	0	37.0
r2026	0	37.0
r2027	0	37.0
r2028	0	37.0
r2029	0	37.0
r2030	0	37.0
r2031	0	37.0
r2032	0	37.0
r2034	0	37.0
r2035	0	37.0
r2036	0	37.0
r2037	0	37.0
r2038	0	37.0
r2039	0	37.0
r2040	0	37.0
r2041	0	0.5
r2042	0	37.0
r2043	0	37.0
r2044	0	37.0
r2045	0	37.0
r2046	0	37.0
r2047	0	37.0
r2048	0	37.0
r2049	0	37.0
r2050	0	37.0
r2051	0	37.0
r2052	0	37.0
r2053	0	37.0
r2054	0	37.0
r2055	0	37.0
r2056	0	37.0
r2057	0	0.5
r2058	0	37.0
r2059	0	37.0
r2060	0	37.0
r2061	0	37.0
r2062	0	37.0
r2063	0	37.0
r2064	0	37.0
r2065	0	37.0
r2066	0	37.0
r2067	0	37.0
r2068	0	37.0
r2069	0	37.0
r2070	0	37.0
r2071	0	37.0
r2073	0	169.5
r2080	-73.75	73.75
r2083	-13.25	13.25
r2085	-73.75	73.75
r2090	-13.25	13.25
r2097	-13.25	13.25
r2099	-73.75	73.75
r2101	-73.75	73.75
r2102	-73.75	73.75
r2103	-73.75	73.75
r2104	-73.75	73.75
r2105	-13.25	13.25
r2106	-73.75	73.75
r2107	-73.75	73.75
r2110	-73.75	73.75
r2111	-73.75	73.75
r2112	-13.25	13.25
r2113	-73.75	73.75
r2114	-73.75	73.75
r2116	-73.75	73.75
r2117	-13.25	13.25
r2119	-73.75	73.75
r2121	-13.25	13.25
r2123	-73.75	73.75
r2125	-73.75	73.75
r2127	-13.25	13.25
r2128	-13.25	13.25
r2129	-13.25	13.25
r2130	-73.75	73.75
r2133	-73.75	73.75
r2146	0	288.0
r2147	0	288.0
r2148	0	288.0
r2151	0	288.0
r2152	0	288.0
r2153	0	288.0
r2154	0	288.0
r2155	0	288.0
r2156	0	288.0
r2157	0	288.0
r2158	0	288.0
r2159	0	288.0
r2160	0	288.0
r2161	0	288.0
r2162	0	288.0
r2163	0	288.0
r2164	0	288.0
r2165	0	288.0
r2166	0	288.0
r2167	0	288.0
r2168	0	288.0
r2169	0	288.0
r2170	0	288.0
r2171	0	288.0
r2172	0	288.0
r2173	0	288.0
r2174	0	288.0
r2175	0	288.0
r2176	0	288.0
r2177	0	288.0
r2178	0	288.0
r2179	0	288.0
r2180	0	288.0
r2181	0	288.0
r2182	0	288.0
r2183	0	288.0
r2184	0	288.0
r2185	0	288.0
r2186	0	288.0
r2187	0	288.0
r2188	0	288.0
r2189	0	288.0
r2190	0	288.0
r2191	0	288.0
r2192	0	288.0
r2194	-288.0	288.0
r2203	0	288.0
r2204	0	288.0
r2205	0	288.0
r2206	0	288.0
r2207	0	288.0
r2208	0	288.0
r2209	0	288.0
r2210	0	288.0
r2211	0	288.0
r2212	0	288.0
r2213	0	288.0
r2214	0	288.0
r2215	0	288.0
r2216	0	288.0
r2217	0	288.0
r2308	-288.0	288.0
r2315	-8	8
r2338	-231.0	231.0
r2370	0	36.75
r2465	0	9.25
r2471	0	14
r2482	0	288.0
r2483	0	288.0
r2484	0	288.0
r2485	0	288.0
r2486	0	288.0
r2487	0	288.0
r2488	0	288.0
r2489	0	288.0
r2490	0	288.0
r2491	0	288.0
r2492	0	288.0
r2493	0	288.0
r2494	0	288.0
r2495	0	288.0
r2496	0	288.0
r2525	-193.0	193.0
CITt4_4	-1.25	1.25
PIt8	-62.5	62.5
ALAALACNc	-24.75	24.75
ARGATB0tc	0	15
ASCBSVCTtc	0	36.75
BALABETAtc	0	164.25
CYSATB0tc	0	15
CYSTALArBATtc	0	37.0
CYSTLEUrBATtc	0	37.0
FOLTle	0	16.75
GALSGLT1le	0	1.5
GLCSGLT1le	0	1.5
HISCAT1	-193.0	193.0
ILEATB0tc	0	15
LEUATB0tc	0	15
LINOFATPtc	0	1000
LYSATB0tc	0	15
METATB0tc	0	15
ORNALArBATtc	0	37.0
ORNLEUrBATtc	0	37.0
SERATB0tc	0	15
VALATB0tc	0	15
VITEtl	0	41
3HCO3_NAt	-25	25
BTNt3ile	0	9.25
GLCGLUT2	0	243
PHEMEe	0	18.5
SPRMTDe	-230.0	230.0
LKYNRtr	-3	3
LKYNRtr2	-2	2
ALAB0AT3tc	0	12.25
ARGB0AT3tc	0	12.25
ASNB0AT3tc	0	12.25
BETBGTtc	-149.25	149.25
CYSB0AT3tc	0	12.25
FOLABCCte	0	483.0
FOLOAT1tc	-2	2
FOLOAT2tc	-1	1
FOLOATPtc	-288.0	288.0
GABABGTtc	-149.25	149.25
GLNB0AT3tc	0	12.25
GLUB0AT3tc	0	12.25
H2OGLYAQPt	-244.75	244.75
ILEB0AT3tc	0	12.25
LEUB0AT3tc	0	12.25
METB0AT3tc	0	12.25
PHEB0AT3tc	0	12.25
PHEMEABCte	0	101.75
SERB0AT3tc	0	12.25
TRPB0AT3tc	0	12.25
TYRB0AT3tc	0	12.25
VALB0AT3tc	0	12.25
GALt4	-1	1
GCHOLAt3	0	301.5
GLCt4	-1.75	1.75
PHEMEt	0	16.75
RIBFLVte	0	2.75
TCHOLAt3	0	301.5
TRPt	-220.5	220.5
VITD3t2	0	141.75
CHSTEROLt	0	41
AVITE1t	0	77.75
r0963	0	13.0
r0295	0	27.75
C03990ATP	0	301.5
C03990t	-436	436
HC02194te	0	538.5
HC02220te	0	433.0
INDSt	0	2
HOMOVALte	-1	1
ARGtD	-148.5	148.5
DHCHOLESTANATEATP	0	301.5
DHCHOLESTANATEt	-436	436
THCHOLSTOICATP	0	301.5
THCHOLSTOICt	-436	436
XOL7AH3ATP	0	301.5
XOL7AH3t	-436	436
XOL7AONEATP	0	301.5
XOL7AONEt	-436	436
7KILTCHOLATP	0	301.5
7KILTCHOLt	-436	436
ACACt2	-61.0	61.0
BUTt2r	-13.25	13.25
GALt2_2	-1.5	1.5
H2Ot	-129.25	129.25
L_LACt2r	-275.0	275.0
NAt3_1	-2.75	2.75
UREAt	-245.75	245.75
PIt7	-20.5	20.5
r1667	-1	1
PYRt2r	-61.0	61.0
GLNt4	0	698.75
AK2LGCHOLABCt	0	184.25
PAFABCt	0	184.25
APRGSTRNt1e	-2.75	2.75
DIGALSGALSIDEATPte	0	144.25
AHANDROSTANte	0	143.25
MMAt2e	-73.75	73.75
C05769te	0	237
CE4890te2	-228.5	228.5
MLTHFte	0	16.75
C05769te3	0	873
C05770te4	0	873
C05770te	0	237
MLTHFte3	0	13.0
SPHS1Pt2e	0	42
MMAte	-5.0	5.0
MLTHFte2	-2.75	2.75
TYMte	-231.0	231.0
MLTHFte1	0	483.0
12DHCHOLabc	0	538.5
12DHCHOLt	-873	873
12DHCHOLt2	0	451
3DHCDCHOLabc	0	538.5
3DHCDCHOLt	-873	873
3DHCDCHOLt2	0	451
3DHCHOLabc	0	538.5
3DHCHOLt	-873	873
3DHCHOLt2	0	451
3DHDCAabc	0	538.5
3DHDCAt	-873	873
3DHDCAt2	0	451
3DHLCAabc	0	538.5
3DHLCAt	-873	873
3DHLCAt2	0	451
7DHCDCHOLabc	0	538.5
7DHCDCHOLt	-873	873
7DHCDCHOLt2	0	451
7DHCHOLabc	0	538.5
7DHCHOLt	-873	873
7DHCHOLt2	0	451
CA3Sabc	0	433.0
CA3St	-873	873
HC02220t	-873	873
COPROSTabc	0	538.5
COPROSTt	-873	873
COPROSTt2	0	451
DCA3Sabc	0	433.0
DCA3St	-873	873
GCA3Sabc	0	433.0
GCA3St	-873	873
GCDCA3Sabc	0	433.0
GCDCA3St	-873	873
GDCA3Sabc	0	433.0
GDCA3St	-873	873
GUDCA3Sabc	0	433.0
GUDCA3St	-873	873
HYOCHOLabc	0	538.5
HYOCHOLt	-873	873
HYOCHOLt2	0	451
ICDCHOLabc	0	538.5
ICDCHOLt	-873	873
ICDCHOLt2	0	451
ISOCHOLabc	0	538.5
ISOCHOLt	-873	873
ISOCHOLt2	0	451
LCA3Sabc	0	433.0
LCA3St	-873	873
TCA3Sabc	0	433.0
TCA3St	-873	873
TCDCA3Sabc	0	433.0
TCDCA3St	-873	873
TDCA3Sabc	0	433.0
TDCA3St	-873	873
THYOCHOLabc	0	538.5
THYOCHOLt	-873	873
THYOCHOLt2	0	451
TUDCA3Sabc	0	433.0
TUDCA3St	-873	873
UCHOLabc	0	538.5
UCHOLt	-873	873
UCHOLt2	0	451
UDCA3Sabc	0	433.0
UDCA3St	-873	873
UDCHOLt	-873	873
UDCHOLt2	0	451
HMR_1849	0	301.5
HMR_1852	-1000	1000
HMR_1853	0	238
HMR_1857	0	1000
HMR_1895	0	238
HMR_1897	0	238
HMR_9581	-230.0	230.0
HMR_9582	0	53
HMR_9583	-228.5	228.5
HMR_9584	0	53
HMR_0155	-11979.5	11979.5
HMR_0164	-11979.5	11979.5
HMR_0167	-11979.5	11979.5
HMR_0170	-11979.5	11979.5
HMR_0173	-11979.5	11979.5
HMR_0176	-11979.5	11979.5
HMR_0179	-11979.5	11979.5
HMR_0183	-11979.5	11979.5
HMR_0187	0	11979.5
HMR_0190	0	41
HMR_0191	0	11979.5
HMR_0194	0	41
HMR_0198	0	41
HMR_0199	0	11979.5
HMR_0202	0	41
HMR_0203	0	11979.5
HMR_0207	0	41
HMR_0208	0	11979.5
HMR_0211	0	41
HMR_0212	0	11979.5
HMR_0215	0	41
HMR_0224	0	41
HMR_0231	0	41
HMR_0232	0	11979.5
HMR_0235	0	41
HMR_0236	0	11979.5
HMR_0239	0	41
HMR_0240	0	11979.5
HMR_0243	0	41
HMR_0244	0	11979.5
HMR_0247	0	41
HMR_0253	0	41
HMR_0254	0	11979.5
HMR_0257	0	41
HMR_0258	0	11979.5
HMR_0261	0	41
HMR_0265	0	41
HMR_0269	0	41
HMR_0270	0	11979.5
HMR_0273	0	41
HMR_0274	0	11979.5
HMR_0277	0	41
HMR_0278	0	11979.5
HMR_0281	0	41
HMR_0282	0	11979.5
HMR_0287	0	41
HMR_0288	0	11979.5
HMR_0291	0	41
HMR_0292	0	11979.5
HMR_0295	0	41
HMR_0296	0	11979.5
HMR_0299	0	41
HMR_0300	0	11979.5
HMR_0303	0	41
HMR_0304	0	11979.5
HMR_0307	0	41
HMR_0308	0	11979.5
HMR_0311	0	41
HMR_0312	0	11979.5
HMR_0317	0	41
HMR_0318	0	11979.5
HMR_0321	0	41
HMR_0322	0	11979.5
HMR_0325	0	41
HMR_0326	0	11979.5
HMR_0329	0	41
HMR_0335	0	41
HMR_0336	0	11979.5
HMR_0339	0	41
HMR_0340	0	11979.5
HMR_0343	0	41
HMR_0344	0	11979.5
HMR_0347	0	41
HMR_0351	0	41
HMR_0352	0	11979.5
HMR_0355	0	41
HMR_0356	0	11979.5
HMR_0359	0	41
HMR_0360	0	11979.5
HMR_0363	0	41
HMR_0364	0	11979.5
HMR_0367	0	41
HMR_0368	0	11979.5
HMR_0371	0	41
HMR_0372	0	11979.5
HMR_0375	0	41
HMR_0376	0	12081.5
HMR_0379	0	41
HMR_0380	0	11979.5
HMR_0383	0	41
HMR_0384	0	11979.5
HMR_0387	0	41
HMR_0388	0	11979.5
HMR_0391	0	41
HMR_0392	0	11979.5
HMR_0395	0	41
HMR_0399	0	41
HMR_0403	0	41
HMR_0407	0	41
HMR_0411	0	41
HMR_0412	0	11979.5
HMR_0415	0	41
HMR_0416	0	11979.5
HMR_0419	0	41
HMR_0420	0	11979.5
HMR_0423	0	41
HMR_0424	0	11979.5
HMR_0427	0	41
HMR_0428	0	11979.5
HMR_0431	0	41
HMR_0432	0	11979.5
HMR_0435	0	41
HMR_0436	0	11979.5
HMR_0439	0	41
HMR_0440	0	1000
HMR_0444	-0.5	0.5
HMR_1082	0	1
HMR_1898	-873.5	873.5
HMR_1899	-873.5	873.5
HMR_1900	-873.5	873.5
HMR_1901	-873.5	873.5
HMR_1902	-873.5	873.5
HMR_1903	-873.5	873.5
HMR_1904	-873.5	873.5
HMR_1905	-873.5	873.5
HMR_1906	-873.5	873.5
HMR_1907	-873.5	873.5
HMR_1908	-873.5	873.5
HMR_1909	-873.5	873.5
HMR_1911	0	165.75
HMR_1914	0	49.25
HMR_3858	0	73.75
HMR_3959	-1000	1000
HMR_4844	-67.25	67.25
HMR_4845	0	1
HMR_4873	-3.5	3.5
HMR_4896	-1000	1000
HMR_4911	0	62.5
HMR_4933	0	7.25
HMR_4935	0	73.75
HMR_4938	0	11
HMR_4946	0	53.75
HMR_4992	-31.25	31.25
HMR_5000	-1000	1000
HMR_5002	-1000	1000
HMR_5010	-1000	1000
HMR_5018	0	73.75
HMR_5023	-3.5	3.5
HMR_5034	-77.75	77.75
HMR_5041	0	1
HMR_5073	0	193.0
HMR_5076	0	194.0
HMR_5077	0	193.0
HMR_5087	0	169.25
HMR_5094	0	799.25
HMR_5129	0	1
HMR_5295	0	127.0
HMR_5303	-1000	1000
HMR_5305	0	849.0
HMR_5307	0	674
HMR_5320	0	696.25
HMR_5332	0	8
HMR_5413	0	62.5
HMR_5429	0	168.75
HMR_5430	0	5.0
HMR_5435	0	451
HMR_5436	0	451
HMR_5437	0	451
HMR_5438	0	451
HMR_5439	0	451
HMR_5442	0	241.75
HMR_5443	0	241.75
HMR_5444	0	241.75
HMR_5445	0	241.75
HMR_5446	0	1
HMR_5454	0	26.5
HMR_5474	-1	1
HMR_5475	-1	1
HMR_5476	-1	1
HMR_5477	-1	1
HMR_5478	-1	1
HMR_5479	-1	1
HMR_5480	-1	1
HMR_5481	-1	1
HMR_5482	-1	1
HMR_5483	-1	1
HMR_5484	-1	1
HMR_5485	-1	1
HMR_5486	-1	1
HMR_5578	-24.75	24.75
HMR_5587	0	1
HMR_5602	0	1
HMR_5603	0	2.5
HMR_5604	0	4.25
HMR_5605	0	1
HMR_5606	0	1
HMR_5607	0	1
HMR_5608	0	1
HMR_5609	0	4.25
HMR_5610	0	1
HMR_5611	0	1
HMR_5612	0	2.5
HMR_5613	0	1
HMR_5614	0	4.25
HMR_5615	0	1
HMR_5616	0	1
HMR_5618	0	2.5
HMR_5633	0	4.25
HMR_5648	0	1
HMR_5663	0	1
HMR_5708	0	4.25
HMR_5753	0	2.5
HMR_5783	0	4.25
HMR_5908	0	37.0
HMR_5924	0	37.0
HMR_5939	0	37.0
HMR_5940	0	37.0
HMR_5956	0	37.0
HMR_5972	0	37.0
HMR_5987	0	90.0
HMR_5990	0	31.5
HMR_5994	0	1.25
HMR_5996	0	11
HMR_5998	0	73.75
HMR_6000	-73.75	73.75
HMR_6002	-73.75	73.75
HMR_6003	-73.75	73.75
HMR_6004	-73.75	73.75
HMR_6005	-73.75	73.75
HMR_6007	-73.75	73.75
HMR_6008	-73.75	73.75
HMR_6009	-73.75	73.75
HMR_6010	-73.75	73.75
HMR_6011	-73.75	73.75
HMR_6012	-73.75	73.75
HMR_6013	-73.75	73.75
HMR_6014	-73.75	73.75
HMR_6015	-73.75	73.75
HMR_6016	-73.75	73.75
HMR_6017	-73.75	73.75
HMR_6018	-73.75	73.75
HMR_6019	-73.75	73.75
HMR_6021	-73.75	73.75
HMR_6026	-73.75	73.75
HMR_6029	-73.75	73.75
HMR_6030	-73.75	73.75
HMR_6033	-73.75	73.75
HMR_6036	-73.75	73.75
HMR_6038	-73.75	73.75
HMR_6039	-73.75	73.75
HMR_6041	-73.75	73.75
HMR_6042	-73.75	73.75
HMR_6043	-73.75	73.75
HMR_6045	-73.75	73.75
HMR_6047	-73.75	73.75
HMR_6048	-73.75	73.75
HMR_6049	-73.75	73.75
HMR_6050	-73.75	73.75
HMR_6052	-73.75	73.75
HMR_6053	-73.75	73.75
HMR_6057	0	10.75
HMR_6059	0	32
HMR_6103	-873	873
HMR_6104	-873	873
HMR_6105	-873	873
HMR_6106	-873	873
HMR_6107	-873	873
HMR_6142	-873	873
HMR_6143	-873	873
HMR_6144	-873	873
HMR_6218	-8	8
HMR_6219	-8	8
HMR_6220	-8	8
HMR_6221	-8	8
HMR_6222	-8	8
HMR_6223	-8	8
HMR_6224	-8	8
HMR_6225	-8	8
HMR_6226	-8	8
HMR_6227	-8	8
HMR_6228	-8	8
HMR_6229	-8	8
HMR_6230	-8	8
HMR_6231	-8	8
HMR_6232	-8	8
HMR_6233	-8	8
HMR_6234	-8	8
HMR_6235	-8	8
HMR_6236	-8	8
HMR_6237	-8	8
HMR_6238	-8	8
HMR_6239	-8	8
HMR_6240	-8	8
HMR_6248	0	64.75
HMR_6249	0	65.0
HMR_6257	-873	873
HMR_6266	0	8
HMR_6268	0	10
HMR_6351	0	1
HMR_6352	0	1
HMR_6353	0	1
HMR_6354	0	1
HMR_6367	-77.75	77.75
HMR_6369	0	77.75
HMR_6380	0	695.25
HMR_6381	0	695.25
HMR_6382	0	695.25
HMR_6383	0	148.5
HMR_6392	0	1
HMR_6406	0	9.25
HMR_6524	0	1.75
HMR_6534	0	2
HMR_7109	0	1000
HMR_7111	0	1000
HMR_7113	0	1000
HMR_7609	-1000	1000
HMR_6512	-116.25	116.25
HMR_7633	0	2.75
HMR_7634	0	2.75
HMR_7635	0	2.75
HMR_7636	0	2.75
HMR_7637	0	2.75
HMR_7650	0	1
HMR_7667	0	9.25
HMR_7680	0	2
HMR_7682	-2.75	2.75
HMR_7683	-2.75	2.75
HMR_7684	-2.75	2.75
HMR_7685	-2.75	2.75
HMR_7686	-2.75	2.75
HMR_7687	0	2.75
HMR_7690	-1000	1000
HMR_7691	0	3.75
HMR_7692	0	3.75
HMR_7700	0	1.75
HMR_7739	0	0.75
HMR_7787	0	1000
HMR_7898	-1000	1000
HMR_7900	-1000	1000
HMR_7902	0	51.25
HMR_7904	0	1.75
HMR_7946	0	451
HMR_7951	-1000	1000
HMR_7964	0	94.25
HMR_7967	0	1
HMR_7975	-1000	1000
HMR_7982	0	1
HMR_7986	0	1
HMR_7990	0	1
HMR_7994	-1000	1000
HMR_8039	-1000	1000
HMR_8042	-1000	1000
HMR_8045	-1000	1000
HMR_8048	-1000	1000
HMR_8051	-1000	1000
HMR_8057	-1000	1000
HMR_6525	0	9.5
HMR_5432	0	2.75
HMR_5448	0	27.75
HMR_8076	0	27.75
HMR_8077	0	27.75
HMR_8225	-42	42
HMR_8340	-1000	1000
HMR_8374	-1000	1000
HMR_8520	-1000	1000
HMR_8567	-1000	1000
HMR_8595	-1000	1000
HMR_8600	-1000	1000
HMR_8633	0	1
HMR_8658	0	301.5
HMR_8660	0	451
HMR_8677	0	20.25
HMR_8696	-1000	1000
HMR_8850	0	1
HMR_8853	0	1.75
HMR_8877	0	0.5
HMR_8884	0	0.5
HMR_8901	-1000	1000
HMR_8911	0	1.25
HMR_8912	0	1.75
HMR_8925	0	2.75
HMR_8931	-1000	1000
HMR_8934	0	1
HMR_8935	0	1
HMR_8939	0	13.0
HMR_8940	0	13.0
HMR_8941	0	13.0
HMR_8942	0	13.0
HMR_8943	0	13.0
HMR_8944	0	13.0
HMR_8945	0	13.0
HMR_8946	0	13.0
HMR_8947	0	13.0
HMR_9173	-1000	1000
HMR_9176	-1000	1000
HMR_9178	-1000	1000
HMR_9183	-1000	1000
HMR_9184	-1000	1000
HMR_9185	-1000	1000
HMR_9192	-228.5	228.5
HMR_9193	-1	1
HMR_9195	-1	1
HMR_9196	-68.5	68.5
HMR_9197	0	67.75
HMR_9198	0	23.25
HMR_9590	0	51.25
HMR_9591	0	15
HMR_9593	0	15
HMR_9602	0	25
HMR_9603	0	25
HMR_9604	0	25
HMR_9608	0	9.25
HMR_9609	0	9.25
HMR_9613	0	97.75
HMR_9616	0	15
HMR_9618	-228.5	228.5
HMR_9619	0	53
HMR_9623	0	13.75
HMR_9624	0	13.75
HMR_9731	-1000	1000
HMR_4312	-405.75	405.75
HMR_9881	0	1000
HMR_0004	0	1000
HMR_0006	0	244.5
HMR_0007	0	15.75
HMR_0008	0	15.75
HMR_0009	0	1000
HMR_0019	0	77.75
HMR_0770	-3.75	3.75
HMR_9640	-1000	1000
HMR_4721	0	9.25
HMR_9728	-1000	1000
HMR_6505	-1000	1000
HMR_10023	0	1000
HMR_5237	0	1000
HMR_5232	0	1000
HMR_5241	0	39.75
CHSTEROLtg	0	41
GLCtg	-5.0	5.0
HMR_0732	-1000	1000
HMR_0918	-53.75	53.75
HMR_1916	-224.5	224.5
HMR_4892	-1000	1000
HMR_6578	-405.75	405.75
HMR_7433	-6.75	6.75
HMR_7434	-17.25	17.25
HMR_7693	-12	12
HMR_7733	-4.75	4.75
HMR_7740	-11.5	11.5
HMR_7743	-41.75	41.75
HMR_8084	-1000	1000
HMR_8086	-1000	1000
HMR_8193	-1000	1000
HMR_8199	-1000	1000
HMR_8205	-1000	1000
HMR_8207	-1000	1000
HMR_8213	-1000	1000
HMR_8661	0	41
HMR_8902	-1000	1000
HMR_8920	0	1000
HMR_9847	-1000	1000
HMR_0731	0	1000
HMR_0734	-1000	1000
HMR_8146	-15.25	15.25
ADNtl	-2	2
CYTDtl	-2	2
GSNtl	-2	2
THYMDtl	-2	2
Uritl	-2	2
r1059	0	10
HIShPTtc	0	4.5
HMR_0831	-1000	1000
HMR_0913	-1000	1000
HMR_1917	0	224.5
HMR_3987	0	1000
HMR_4907	0	1000
HMR_5047	0	7.25
HMR_5049	0	10
HMR_5050	0	10
HMR_5051	0	10
HMR_5052	0	10
HMR_5053	0	10
HMR_5054	0	10
HMR_5055	0	10
HMR_5056	0	10
HMR_5057	0	10
HMR_5058	0	10
HMR_5059	0	10
HMR_5060	0	10
HMR_5061	0	10
HMR_5062	0	10
HMR_5063	0	10
HMR_5064	0	10
HMR_5065	0	10
HMR_5066	0	10
HMR_5067	0	10
HMR_5224	0	1000
HMR_5226	0	1000
HMR_5228	0	1000
HMR_7196	-16.5	16.5
HMR_7224	0	1000
HMR_7374	0	1000
HMR_7454	0	1000
HMR_7483	0	1000
HMR_7500	0	1000
HMR_7512	0	1000
HMR_7524	0	1000
HMR_7540	0	1000
HMR_7556	0	1000
HMR_7570	0	1000
HMR_7581	0	1000
HMR_7584	0	1000
HMR_7711	-1000	1000
HMR_7715	-1000	1000
HMR_7720	-1000	1000
HMR_7724	-1000	1000
HMR_7727	-1000	1000
HMR_7730	-1000	1000
HMR_7732	-1000	1000
HMR_7762	-1000	1000
HMR_7770	-1000	1000
HMR_7799	0	325.75
HMR_7924	0	1000
HMR_8125	0	1000
HMR_8127	0	1000
HMR_8200	-1000	1000
HMR_8208	-1000	1000
HMR_8216	-1000	1000
HMR_8590	-1000	1000
HMR_8753	-1000	1000
HMR_8887	-16.5	16.5
HMR_8908	-16.5	16.5
HMR_0612	0	1000
HMR_5251	0	1000
HMR_5252	0	1000
HMR_5255	0	1000
HMR_8531	-1000	1000
HMR_0796	-1000	1000
HMR_3597	0	1000
3AIBtmi	0	118.25
3SALAASPm	-130.75	130.75
ACACt2m	-13.25	13.25
ACRNtm	-82.5	82.5
AKGMALtm	-101	101
ARGtm	-99	99
ASPGLUm	0	130.75
ATPtm	0	356.25
BUTt2m	-13.25	13.25
CITRtm	-99	99
CITtam	-121.25	121.25
CITtbm	-121.25	121.25
CRNtim	-82.5	82.5
FUMtm	-101	101
FUMTSULtm	-101	101
GLUt2m	-97.5	97.5
GSNtm	-77.75	77.75
H2Otm	-73.75	73.75
L_LACtcm	0	244.25
L_LACtm	0	13.25
LYStm	-99	99
MALSO3tm	-101	101
MALSO4tm	-101	101
MALtm	-101	101
MALTSULtm	-101	101
ORNt3m	-99	99
ORNt4m	-99	99
PYRt2m	-13.25	13.25
SUCCt2m	-101	101
r0801	-356.5	356.5
r0822	-101	101
r0829	-101	101
r0834	-101	101
r0913	-121.25	121.25
r0915	-121.25	121.25
r0947	0	99
r1427	0	99
r2373	-121.25	121.25
r2374	-121.25	121.25
r2375	-121.25	121.25
r2376	-121.25	121.25
r2377	-121.25	121.25
r2378	-121.25	121.25
r2379	-121.25	121.25
r2380	-121.25	121.25
r2387	0	121.25
r2391	0	121.25
r2393	0	121.25
r2394	0	121.25
r2395	0	99
r2396	0	99
r2397	0	99
r2398	0	99
r2399	0	99
r2400	0	99
r2401	0	99
r2402	0	99
r2403	0	99
r2404	0	99
r2405	0	99
r2406	0	99
r2407	0	99
r2408	0	99
r2409	0	99
r2410	0	99
r2411	0	99
r2412	0	99
r2413	0	99
r2416	0	99
r2419	0	101
r2420	-101	101
r2433	-82.5	82.5
r2434	-82.5	82.5
r2435	-420.5	420.5
r2436	-420.5	420.5
r2437	-83.5	83.5
r2438	-82.5	82.5
r2520	-37	37
C4tmc	-82.5	82.5
Htmi	0	26.5
HMR_1620	-1000	1000
HMR_1630	-146.75	146.75
HMR_1679	-1000	1000
HMR_1694	-905.75	905.75
HMR_1764	-1000	1000
HMR_8022	-10.25	10.25
HMR_8070	0	1000
HMR_0158	-1150.75	1150.75
HMR_0446	-1000	1000
HMR_1602	-1000	1000
HMR_1915	-6.25	6.25
HMR_1936	-1000	1000
HMR_2116	-1000	1000
HMR_2590	0	97.0
HMR_3864	0	130.75
HMR_4237	-10.25	10.25
HMR_4720	-1000	1000
HMR_4729	-1000	1000
HMR_4738	-1000	1000
HMR_4743	-1000	1000
HMR_4754	0	36.5
HMR_4756	-36.5	36.5
HMR_4760	-36.5	36.5
HMR_4851	-101	101
HMR_4852	-37	37
HMR_4854	-101	101
HMR_4855	-37	37
HMR_4864	-101	101
HMR_4865	-101	101
HMR_4867	-101	101
HMR_4868	-101	101
HMR_4871	-101	101
HMR_4872	-101	101
HMR_4914	-33.75	33.75
HMR_4940	-101	101
HMR_4944	-2.75	2.75
HMR_4951	-244.25	244.25
HMR_4964	-121.25	121.25
HMR_4972	-121.25	121.25
HMR_4997	0	77.75
HMR_5006	0	1000
HMR_5016	0	13.25
HMR_5031	-77.75	77.75
HMR_5033	-77.75	77.75
HMR_5043	-197.5	197.5
HMR_5096	0	1000
HMR_5101	0	1000
HMR_5118	0	1000
HMR_5107	0	1000
HMR_5292	-4.25	4.25
HMR_5348	0	73.75
HMR_5349	0	73.75
HMR_5411	-13.25	13.25
HMR_5420	0	22.5
HMR_6276	-121.25	121.25
HMR_6277	-121.25	121.25
HMR_6286	0	121.25
HMR_6287	0	121.25
HMR_6288	0	121.25
HMR_6289	0	121.25
HMR_6290	0	121.25
HMR_6291	0	121.25
HMR_6292	0	121.25
HMR_6293	0	121.25
HMR_6294	0	121.25
HMR_6295	0	121.25
HMR_6296	0	121.25
HMR_6321	0	99
HMR_6323	0	99
HMR_6324	0	99
HMR_6327	0	99.75
HMR_6332	0	7.25
HMR_6333	0	7.25
HMR_6334	0	7.25
HMR_6335	0	7.25
HMR_6336	0	7.25
HMR_6337	0	7.25
HMR_6338	0	7.25
HMR_6339	0	7.25
HMR_6340	0	7.25
HMR_6341	0	7.25
HMR_6342	0	7.25
HMR_6343	0	7.25
HMR_7719	-77.75	77.75
HMR_6522	-101	101
HMR_7638	0	29.0
HMR_7758	-1640	1640
HMR_7815	0	7.25
HMR_7816	0	7.25
HMR_7825	0	7.25
HMR_7826	0	7.25
HMR_7827	0	7.25
HMR_7828	0	7.25
HMR_7829	0	7.25
HMR_7830	0	7.25
HMR_7831	0	7.25
HMR_7832	0	7.25
HMR_7833	0	7.25
HMR_7834	0	7.25
HMR_7835	0	7.25
HMR_7836	0	7.25
HMR_7837	0	7.25
HMR_7838	0	7.25
HMR_7839	0	7.25
HMR_7840	0	7.25
HMR_7841	0	7.25
HMR_7842	0	7.25
HMR_7843	0	7.25
HMR_7844	0	7.25
HMR_7845	0	7.25
HMR_7846	0	7.25
HMR_7847	0	7.25
HMR_7848	0	7.25
HMR_7849	0	7.25
HMR_7850	0	7.25
HMR_7851	0	7.25
HMR_7852	0	7.25
HMR_7853	0	7.25
HMR_7854	0	7.25
HMR_7995	-1000	1000
HMR_3746	-1000	1000
HMR_8093	-1000	1000
HMR_8099	-1000	1000
HMR_8356	-1000	1000
HMR_8365	-13.25	13.25
HMR_8411	-1000	1000
HMR_8438	-1000	1000
HMR_8505	0	1000
HMR_8510	-1000	1000
HMR_8513	-13.25	13.25
HMR_8627	0	1000
HMR_8657	-1000	1000
HMR_8741	-101	101
HMR_8742	-101	101
HMR_9870	-1000	1000
HMR_3818	-1000	1000
HMR_8891	0	1000
HMR_0578	0	1000
HMR_0587	-1000	1000
PGLYCtm	-1000	1000
HMR_0025	0	796.5
HMR_0030	0	34952.0
HMR_4274	-1000	1000
HMR_4277	-1000	1000
HMR_4535	-12	12
HMR_4893	-1000	1000
HMR_5423	-1000	1000
HMR_5424	-1000	1000
HMR_7653	-1000	1000
HMR_7796	-156.5	156.5
HMR_7858	-1000	1000
HMR_8082	-1000	1000
HMR_8412	-1000	1000
HMR_8476	-77.75	77.75
HMR_8789	-1000	1000
HMR_8839	-1000	1000
HMR_8843	-1000	1000
HMR_8844	-1000	1000
HMR_8828	-1000	1000
HMR_8639	-1000	1000
CRNCARtp	0	29
SCP21x	-3125.5	3125.5
r0934	0	149.25
r0954	-13.25	13.25
r0997	0	382.25
r1147	-121.25	121.25
r2497	0	16.25
r2498	0	16.25
r2499	0	16.25
r2501	0	16.25
r2502	0	16.25
r2503	0	16.25
r2516	-13.25	13.25
r2517	0	263.75
r2518	0	263.75
C16txc	0	16.25
C2tcx	-82.5	82.5
C4tcx	-82.5	82.5
C4x	-382.25	382.25
DCSPTN1COAtxc	0	16.25
LGNCCOAtcx	0	16.25
NRVNCCOAtxc	0	16.25
SCP21cx	0	263.75
STCOATxc	0	16.25
STRDNCCOAtxc	0	16.25
HMR_2514	-1000	1000
HMR_2412	-1000	1000
HMR_3106	-1000	1000
HMR_3478	0	1000
HMR_3517	-1000	1000
HMR_1629	-146.75	146.75
HMR_1656	-1000	1000
HMR_1701	-1000	1000
HMR_1702	0	1000
HMR_1104	-1000	1000
HMR_1283	-1000	1000
HMR_2407	-10.25	10.25
HMR_2509	-10.25	10.25
HMR_3008	0	264.5
HMR_3011	0	264.5
HMR_3013	0	264.5
HMR_3014	0	264.5
HMR_3017	0	264.5
HMR_3018	-10.25	10.25
HMR_3019	-10.25	10.25
HMR_3021	-10.25	10.25
HMR_3022	-10.25	10.25
HMR_3023	0	10.25
HMR_3024	-10.25	10.25
HMR_3025	-10.25	10.25
HMR_3850	-1000	1000
HMR_4468	-1000	1000
HMR_4900	-1000	1000
HMR_4908	-1000	1000
HMR_4930	-73.75	73.75
HMR_4945	-1000	1000
HMR_5452	-26.5	26.5
HMR_3026	-14.5	14.5
HMR_6986	-1000	1000
HMR_7640	-1000	1000
HMR_7705	0	1000
HMR_7782	-1000	1000
HMR_8754	0	1000
HMR_8756	-1000	1000
HMR_9882	0	1000
CSm	0	58.25
FUMm	-152	152
ICDHy	0	338.0
ICDHyp	0	338.0
ICDHyrm	-338.0	338.0
MDHm	-130.25	130.25
SUCOASm	-495.75	495.75
r0081	-280.75	280.75
FUM	-152	152
CITL	0	32.5
FBA4	-2922.5	2922.5
GCALDDm	0	3368.0
GLXO2p	0	199.5
HPYRRy	0	129
KHK2	0	275.25
GCALDD	0	3546.5
GLXO1	0	787.5
HMR_9888	0	0.25
HMR_3787	0	7
HMR_0710	0	272.75
HMR_3958	0	65.25
HMR_3957	0	186.75
HMR_4111	0	272.75
HMR_4112	0	65.25
HMR_4113	0	272.75
HMR_4139	-597	597
HMR_4141	-130.25	130.25
HMR_4145	-58.25	58.25
HMR_4147	-495.75	495.75
HMR_4149	0	54.75
HMR_4209	0	86.25
HMR_4408	-152	152
HMR_4410	-152	152
HMR_4454	-112.5	112.5
HMR_4456	-150.0	150.0
HMR_4586	-65.25	65.25
HMR_4652	-752.5	752.5
HMR_5294	0	32.5
HMR_5297	0	298.5
HMR_6411	0	86.25
HMR_7704	0	199.5
HMR_7706	0	199.5
HMR_8743	-752.5	752.5
HMR_8772	0	275.25
HMR_8773	-2922.5	2922.5
HMR_8775	0	866.25
HMR_8777	0	1000
HMR_8778	0	2543.0
HMR_8779	0	129
HMR_8780	0	13.75
HMR_8782	0	129
3HKYNAKGAT	0	280.5
5HLTDL	0	26.25
5HOXINDACTO2OX	0	288
ACACT1rm	0	211.75
ECOAH1m	-205.0	205.0
ECOAH1x	-296.25	296.25
GLUTCOADHm	0	333.25
HACD1x	-290.25	290.25
HKYNH	0	91.5
KYN	0	91.5
KYNAKGAT	0	280.5
LFORKYNHYD	0	91.5
TRPO2	0	1273.5
r0541	-333.25	333.25
r0758	-3545.5	3545.5
RE1233C	-280.5	280.5
RE2349C	-42	42
ACACT1r	-184.25	184.25
HMR_3164	0	398.25
HMR_3166	0	680.5
HMR_3885	-211.75	211.75
HMR_4250	0	1000
HMR_8566	0	225.5
34DHPHAMT	0	465.25
34DHPLACOX	0	477
34DHPLACOX_NADP_	-477	477
34DHXMANDACOX	0	477
34DHXMANDACOX_NADP_	-1	1
3HLYTCL	0	26.25
3M4HDXPAC	-477	477
3MOX4HOXPGALDOX	0	477
3MOX4HOXPGALDOX_NADP_	-477	477
3MOXTYROX	0	115.5
41R2A1H12BOOX	0	115.5
42A12BOOX	0	115.5
4HOXPACDOX_NADP_	-477	477
DOPAMT	0	465.25
DOPASULT	0	375.0
FALDH	-1870.25	1870.25
FUMAC	0	326.75
MAOLNOR	0	115.5
SALMCOM	0	469.25
SALMCOM2	0	4
TYRCBOX	0	26.25
TYROXDAc	0	115.5
HMR_3935	-175	175
HMR_4681	0	26.25
HMR_4682	0	115.5
HMR_4683	0	1.25
HMR_4685	0	1.25
HMR_4686	0	1.25
HMR_4687	0	1.25
HMR_4703	0	41
HMR_4704	0	41
HMR_7689	0	248.5
HMR_8094	0	40.5
HMR_8534	0	248.5
HMR_8535	0	248.5
ARGNm	0	846.25
CK	-11.5	11.5
CKc	-11.5	11.5
GACMTRc	-109.25	109.25
GLU5Km	0	1
GLYAMDTRc	-9	9
ORNTArm	-781.5	781.5
SARDHm	0	226.75
r0034	0	813.75
r0074	-135.25	135.25
r0085	0	110
r0086	0	110
RE2032M	-22	22
ARGN	0	846.25
ORNDC	0	35.25
3AIBTm	-118.25	118.25
ACACT10m	-211.75	211.75
ACOAD10m	0	540.25
ACOAD8m	0	102.25
ACOAD9m	0	369.25
ECOAH12m	-175.75	175.75
ECOAH9m	-175.75	175.75
HIBDm	-233.5	233.5
ILETAm	-9.5	9.5
LEUTAm	-9.5	9.5
MMCDm	0	35.25
MMSAD1m	0	254.5
OIVD1m	0	319.25
OIVD2m	0	319.25
OIVD3m	0	319.25
PPCOACm	0	1000
VALTAm	-9.5	9.5
r0561	0	47.25
r0643	-3545.5	3545.5
r0655	-471.5	471.5
RE3326M	-62.75	62.75
ILETA	-9.5	9.5
LEUTA	-9.5	9.5
VALTA	-9.5	9.5
HMR_3208	0	144.0
HMR_3211	0	369.25
HMR_3213	0	73
HMR_3215	0	85.5
HMR_3761	0	254.5
HMR_3795	0	254.5
HMR_4797	0	2543.0
HMR_6419	0	164.5
HMR_6420	0	47.25
HMR_6421	0	164.5
HMR_6422	0	47.25
HMR_8787	0	53.75
HMR_3748	0	164.5
HMR_3751	0	253
HMR_3755	0	68.25
HMR_3759	0	2543.0
HMR_3763	0	254.5
HMR_3767	0	164.5
HMR_3773	0	71
HMR_3775	-29.25	29.25
HMR_3780	0	164.5
HMR_3783	-253	253
HMR_3790	0	41
HMR_6416	0	164.5
HACD9m	-1000	1000
RDH1	-13.75	13.75
RDH1a	0	32.25
RDH2	-13.75	13.75
RDH2a	0	32.25
RDH3	-13.75	13.75
RDH3a	0	32.25
RDH4	-13.75	13.75
CBLATm	-10.75	10.75
HMR_8616	-16.5	16.5
FADDP	0	44.75
FADDPle	0	13.75
FERO	0	0.75
PYAM5POr	0	72.75
PYDXK	0	19
r0388	0	72.75
r0389	0	72.75
PYDAMK	0	19
PYDXNK	0	19
HMR_4064	0	15.5
HMR_4065	0	19
HMR_4066	0	19
HMR_4067	0	72.75
HMR_4068	0	19
HMR_4069	0	72.75
HMR_4070	0	72.75
HMR_4071	-72.75	72.75
HMR_8102	0	41
HMR_8724	0	14.5
HMR_8725	0	14.5
RE3144M	0	0.5
HMR_2115	0	13.25
HMR_2117	0	6585.5
HMR_2137	0	0.5
HMR_2138	0	0.5
HMR_7996	0	259.5
HMR_7999	0	0.5
HMR_6490	0	1942.5
HMR_6492	0	14.75
HMR_6495	0	1942.5
HMR_6496	0	14.75
